Date,Open,High,Low,Close,Adj Close,Volume,Days
2018-02-20,72.839996,73.839996,71.68,72.860001,64.825851,7086000,0
2018-02-21,73.220001,74.68,72.919998,72.959999,64.914825,8645200,1
2018-02-22,73.489998,75.959999,73.470001,75.029999,66.756554,6987100,2
2018-02-23,75.519997,76.300003,74.290001,75.410004,67.094673,5475600,3
2018-02-26,76.25,76.989998,75.18,76.900002,68.420372,5779300,4
2018-02-27,77.739998,78.43,75.269997,75.57,67.237015,6234300,5
2018-02-28,76.059998,76.68,75.410004,75.410004,67.094673,5520500,6
2018-03-01,75.510002,75.550003,73,74.129997,65.95578,7084400,7
2018-03-02,73.629997,75.480003,73.300003,75.150002,66.863335,4956200,8
2018-03-05,74.769997,75.75,73.949997,75.139999,66.854439,7654800,9
2018-03-06,74.25,74.639999,69.940002,71.790001,63.873821,20019700,10
2018-03-07,71.059998,72.139999,70.580002,71.43,63.553513,7684600,11
2018-03-08,71.43,71.580002,69.150002,69.75,62.058781,8753900,12
2018-03-09,70.379997,70.82,69.330002,70.489998,62.717178,6813000,13
2018-03-12,70.050003,70.989998,69.809998,70.669998,62.877331,3665100,14
2018-03-13,71,72.099998,70.879997,71.169998,63.322193,4485800,15
2018-03-14,71.440002,71.720001,70.379997,70.650002,62.859547,4683700,16
2018-03-15,71.279999,71.5,70.279999,70.629997,62.841759,6528600,17
2018-03-16,70.550003,71.43,70.410004,70.989998,63.162052,7297000,18
2018-03-19,70.919998,71.32,70.110001,70.339996,62.583714,3214900,19
2018-03-20,70.599998,71.769997,70.510002,71.559998,63.669193,5015000,20
2018-03-21,71.18,71.5,70.139999,70.139999,62.405758,3792600,21
2018-03-22,69.849998,70.480003,68.809998,68.889999,61.293606,6614000,22
2018-03-23,69.720001,69.940002,67.769997,67.879997,60.394978,5261000,23
2018-03-26,68.669998,70.629997,68.650002,70.279999,62.530346,4893900,24
2018-03-27,70.790001,70.900002,68.230003,68.510002,60.955528,6896500,25
2018-03-28,68.739998,71.769997,68.739998,69.18,61.551632,8052400,26
2018-03-29,69.230003,69.870003,68.860001,69.43,61.774063,7594300,27
2018-04-02,69.029999,69.379997,67.440002,68.980003,61.373684,5903000,28
2018-04-03,69.389999,69.940002,69.010002,69.529999,61.863041,3484200,29
2018-04-04,68.879997,71.93,68.849998,71.860001,63.936119,5200200,30
2018-04-05,71.959999,72.580002,70.739998,72.440002,64.452164,4525100,31
2018-04-06,71.769997,73.419998,71.519997,72.290001,64.318703,6360100,32
2018-04-09,72.449997,72.720001,71.410004,71.480003,63.598007,3093300,33
2018-04-10,72.860001,73.010002,71.830002,72.790001,64.763565,4653900,34
2018-04-11,72.480003,73.510002,72.139999,72.82,64.79026,3545700,35
2018-04-12,73.129997,73.589996,72.110001,72.43,64.443253,3020200,36
2018-04-13,72.779999,72.790001,71.139999,71.519997,63.633595,3824400,37
2018-04-16,71.940002,72.43,71.470001,72,64.060661,4837600,38
2018-04-17,72.809998,72.940002,72.389999,72.449997,64.461052,3066500,39
2018-04-18,72.730003,73.459999,72.419998,72.529999,64.532227,3211100,40
2018-04-19,72.309998,72.309998,70.18,70.980003,63.153149,5816500,41
2018-04-20,71.129997,71.639999,70.120003,70.32,62.565929,4110000,42
2018-04-23,70.75,71.080002,69.760002,70.949997,63.126461,3346000,43
2018-04-24,70.970001,71.959999,70.199997,70.529999,62.752781,3946100,44
2018-04-25,70.25,71.669998,69.900002,71.139999,63.295517,2590900,45
2018-04-26,71.32,72.139999,71.089996,71.879997,63.953911,3112700,46
2018-04-27,71.510002,73.080002,71.389999,72.849998,64.816948,3711800,47
2018-04-30,72.800003,73.690002,72.489998,72.599998,64.594521,4810200,48
2018-05-01,71.870003,72.300003,71.07,71.07,63.233227,5619600,49
2018-05-02,70.610001,71.519997,69.440002,71.449997,63.571308,4603400,50
2018-05-03,71.43,71.629997,70.57,71.150002,63.304409,3217300,51
2018-05-04,70.650002,71.389999,69.93,71.050003,63.215446,2609500,52
2018-05-07,70.919998,70.940002,68.900002,69.330002,61.685108,5927700,53
2018-05-08,69.309998,70.010002,69.040001,69.419998,61.765175,3852300,54
2018-05-09,68.68,70.120003,68.330002,69.93,62.218929,4122900,55
2018-05-10,69.75,70.5,69.169998,70.239998,62.494747,3574200,56
2018-05-11,69.940002,70.330002,69.300003,70.25,62.503651,3032200,57
2018-05-14,70.639999,73.129997,70.589996,72.900002,64.861427,7312700,58
2018-05-15,72.330002,73.449997,72.209999,73.080002,65.57933,5000000,59
2018-05-16,73.980003,75.690002,73.940002,75.230003,67.508682,8596200,60
2018-05-17,75.18,76.379997,75.099998,75.830002,68.047066,5476000,61
2018-05-18,76.190002,76.550003,75.599998,75.940002,68.145782,4317600,62
2018-05-21,76.629997,77.190002,76.300003,76.870003,68.980339,5073900,63
2018-05-22,77,77.629997,75.190002,75.470001,67.724007,7550100,64
2018-05-23,71.470001,72.959999,70.860001,71.169998,63.865364,17346600,65
2018-05-24,71.25,71.529999,70.080002,70.940002,63.658962,8246300,66
2018-05-25,71.18,71.959999,70.93,71.209999,63.901249,5984000,67
2018-05-29,71,71.760002,70.699997,71.699997,64.340958,6711000,68
2018-05-30,72,74.050003,71.610001,73.470001,65.929306,7652200,69
2018-05-31,73.150002,73.599998,72.370003,72.889999,65.408813,6418900,70
2018-06-01,72.93,73.639999,72.580002,72.800003,65.328079,4017300,71
2018-06-04,73.25,76.82,73.239998,76.349998,68.513718,7619000,72
2018-06-05,76.32,78.839996,75.769997,78.5,70.443047,8824700,73
2018-06-06,78.599998,78.790001,77.639999,77.900002,69.904617,4396700,74
2018-06-07,78.699997,79.360001,78.080002,78.349998,70.308418,5668000,75
2018-06-08,78.190002,78.940002,77.860001,78.019997,70.012299,4815200,76
2018-06-11,78.269997,79.360001,77.879997,79.059998,70.945564,4291400,77
2018-06-12,79.480003,79.589996,78.360001,79.07,70.954536,4251900,78
2018-06-13,79.43,79.510002,78,78.019997,70.012299,3502700,79
2018-06-14,78.220001,78.82,77.019997,77.220001,69.294411,4246800,80
2018-06-15,77.279999,77.400002,76.339996,77.25,69.32135,6780000,81
2018-06-18,76.330002,77.919998,76.190002,77.120003,69.204674,3341000,82
2018-06-19,76.629997,76.959999,75.919998,76.57,68.711121,3926700,83
2018-06-20,77.160004,77.239998,74.5,75.389999,67.652252,5147600,84
2018-06-21,75.389999,77.230003,75.239998,76.139999,68.325256,4261000,85
2018-06-22,76.730003,76.870003,75.580002,76.040001,68.235527,3254500,86
2018-06-25,76.120003,77.150002,76.089996,76.839996,68.953407,6191500,87
2018-06-26,76.650002,77.080002,76.239998,76.330002,68.495758,3575900,88
2018-06-27,76.360001,78.5,76.360001,76.870003,68.980339,4328100,89
2018-06-28,76.739998,77.110001,75,75.599998,67.840675,4670700,90
2018-06-29,76.330002,76.970001,76.040001,76.120003,68.30732,3438400,91
2018-07-02,75.75,76.150002,74.779999,75.769997,67.993217,3518800,92
2018-07-03,75.980003,77.5,75.959999,76.629997,68.764984,1993300,93
2018-07-05,76.730003,76.879997,75.589996,76.550003,68.693169,2772100,94
2018-07-06,76.199997,77.129997,75.449997,76.790001,68.908546,2380600,95
2018-07-09,77.150002,78.260002,77.099998,77.760002,69.778984,3397100,96
2018-07-10,78.029999,78.480003,77.75,78.300003,70.263565,3831400,97
2018-07-11,77.889999,78.209999,76.959999,77.580002,69.617455,3001100,98
2018-07-12,78.18,78.18,75.980003,76.5,68.6483,3472600,99
2018-07-13,76.959999,78.370003,76.959999,77.720001,69.743095,2958900,100
2018-07-16,77.5,77.720001,76.190002,77.209999,69.285423,3405600,101
2018-07-17,77.029999,78.190002,76.870003,77.269997,69.339294,3179100,102
2018-07-18,77.419998,77.809998,76.620003,76.849998,68.962387,4161000,103
2018-07-19,77.089996,78.839996,77.040001,78.459999,70.407135,5180200,104
2018-07-20,78.279999,78.639999,77.629997,77.760002,69.778984,2896300,105
2018-07-23,77.949997,78.93,77.879997,78.690002,70.613533,3415900,106
2018-07-24,78.949997,80.059998,78.849998,79.360001,71.214752,5504400,107
2018-07-25,79.599998,80.18,79.160004,79.989998,71.780113,3655700,108
2018-07-26,79.959999,81.290001,79.540001,79.860001,71.66346,4409300,109
2018-07-27,80.449997,81,79.660004,80.129997,71.905731,3361600,110
2018-07-30,80.190002,81.290001,80.190002,81.209999,72.874878,3781800,111
2018-07-31,81.019997,81.290001,80.529999,80.68,72.399292,3959500,112
2018-08-01,80.599998,80.910004,78.339996,78.949997,70.846848,4204800,113
2018-08-02,78.93,80.940002,78.809998,80.760002,72.471085,4180100,114
2018-08-03,81.040001,81.949997,81.010002,81.449997,73.090256,3142400,115
2018-08-06,81.190002,81.779999,81.080002,81.610001,73.233833,2467200,116
2018-08-07,81.959999,82.800003,81.800003,82.239998,73.799171,2910700,117
2018-08-08,82.239998,82.510002,81.68,82.389999,73.933777,2674100,118
2018-08-09,82.510002,83.059998,82.230003,82.620003,74.140175,3025200,119
2018-08-10,82.300003,83.169998,82.230003,82.709999,74.220932,2343300,120
2018-08-13,82.989998,83.190002,81.650002,82.059998,73.637627,3895600,121
2018-08-14,82.099998,82.889999,82.010002,82.68,74.777222,4680400,122
2018-08-15,82.010002,82.110001,79.370003,80.690002,72.977432,6191700,123
2018-08-16,82.089996,82.410004,81.110001,82.07,74.225533,6603600,124
2018-08-17,82.449997,84.139999,82.349998,83.040001,75.102814,7431500,125
2018-08-20,83.199997,83.470001,82.529999,83.32,75.356049,5699300,126
2018-08-21,83.379997,83.720001,82.440002,83.269997,75.310814,8030000,127
2018-08-22,88.050003,88.889999,84.480003,85.940002,77.725616,19633800,128
2018-08-23,86.25,87.190002,85.849998,86.709999,78.422012,7409600,129
2018-08-24,86.440002,87.730003,86.139999,87.309998,78.964668,4505200,130
2018-08-27,87.379997,87.589996,86.220001,86.599998,78.322517,3940300,131
2018-08-28,86.959999,87.629997,86.449997,86.699997,78.412964,3953800,132
2018-08-29,86.919998,87.75,86.209999,87.629997,79.254082,3307100,133
2018-08-30,87.010002,87.730003,86.769997,87.309998,78.964668,2940500,134
2018-08-31,86.800003,87.589996,86.800003,87.5,79.136497,3469400,135
2018-09-04,87.410004,88.980003,87.410004,88.949997,80.447906,3562700,136
2018-09-05,88.93,89.419998,88.150002,88.599998,80.131355,7113900,137
2018-09-06,89.199997,90.199997,88.800003,88.879997,80.384575,4504900,138
2018-09-07,88.980003,89.989998,88.209999,88.739998,80.25798,4614900,139
2018-09-10,89.400002,90.389999,88.919998,89.260002,80.728287,4156000,140
2018-09-11,89.389999,89.830002,88.730003,88.800003,80.312263,3070200,141
2018-09-12,88.940002,89.199997,88.269997,88.650002,80.176598,2920500,142
2018-09-13,88.629997,88.940002,87.949997,88.080002,79.661064,3756500,143
2018-09-14,88.120003,88.519997,87.540001,87.940002,79.534431,3433300,144
2018-09-17,88.18,88.209999,87.139999,87.279999,78.937538,2857300,145
2018-09-18,86.959999,87.970001,86.650002,87.68,79.299294,5014100,146
2018-09-19,87.68,87.940002,86.379997,87.160004,78.828995,3218500,147
2018-09-20,87.370003,87.639999,86.720001,87.379997,79.027977,3242100,148
2018-09-21,87.529999,88.660004,87.059998,87.309998,78.964668,6707500,149
2018-09-24,87.209999,88.529999,87.040001,87.239998,78.90136,3475700,150
2018-09-25,87.419998,87.989998,86.860001,87.309998,78.964668,2949600,151
2018-09-26,87.449997,88.370003,87.260002,87.889999,79.489212,3880100,152
2018-09-27,87.839996,88.239998,87.379997,87.510002,79.145554,3075800,153
2018-09-28,87.660004,88.290001,87.480003,88.209999,79.778625,3924000,154
2018-10-01,88.330002,88.790001,88.209999,88.470001,80.013786,3154800,155
2018-10-02,88.360001,89.389999,86.419998,86.620003,78.340645,4258800,156
2018-10-03,86.730003,86.75,85.650002,85.970001,77.752762,4270700,157
2018-10-04,85.839996,86.519997,84.419998,84.839996,76.730743,5473200,158
2018-10-05,84.849998,85.230003,83.809998,84.519997,76.441338,5075200,159
2018-10-08,84.389999,85.559998,84.169998,85.400002,77.237213,3732000,160
2018-10-09,85.489998,86.800003,85.489998,85.660004,77.472382,3330900,161
2018-10-10,85.669998,86.809998,85.07,85.199997,77.056335,4952600,162
2018-10-11,85.419998,86.129997,82.699997,82.800003,74.885742,5091000,163
2018-10-12,84.089996,85.760002,83.769997,84.610001,76.522751,5128900,164
2018-10-15,84.559998,85.309998,84.32,84.599998,76.513687,3345500,165
2018-10-16,85.139999,86.07,84.550003,85.809998,77.60804,2691700,166
2018-10-17,85.559998,85.949997,83.540001,84.419998,76.350899,4191800,167
2018-10-18,83.589996,84.580002,82,83.360001,75.392212,4242600,168
2018-10-19,83.730003,83.769997,81.919998,82.019997,74.180283,5464400,169
2018-10-22,82.5,83.779999,82.5,83.230003,75.274635,3420200,170
2018-10-23,81.279999,82.949997,81.07,82.669998,74.768173,4517500,171
2018-10-24,82.589996,84.300003,82.110001,82.269997,74.406387,5098800,172
2018-10-25,83.18,84.580002,82.650002,83.830002,75.817291,5311600,173
2018-10-26,83.720001,84.260002,81.809998,81.940002,74.107941,6128800,174
2018-10-29,82.779999,85.519997,82.510002,84.099998,76.061485,5353000,175
2018-10-30,84.800003,86.470001,84.550003,85.769997,77.571854,5767600,176
2018-10-31,86.470001,86.470001,83.519997,83.629997,75.636398,6674200,177
2018-11-01,83.510002,84.379997,82.980003,84.230003,76.179047,4388600,178
2018-11-02,84.760002,85.669998,83.459999,84.410004,76.341858,3637600,179
2018-11-05,84.559998,85.519997,84.110001,85.349998,77.192009,3670700,180
2018-11-06,85.440002,85.669998,84.93,85.589996,77.409073,3837700,181
2018-11-07,87.510002,87.660004,85.760002,86.760002,78.467247,6778300,182
2018-11-08,87,87.860001,86.790001,87.599998,79.226944,4477900,183
2018-11-09,87.440002,87.93,86.669998,86.940002,78.630051,3490000,184
2018-11-12,87.169998,87.290001,85.239998,85.470001,77.300529,4720800,185
2018-11-13,85.620003,85.980003,83.940002,84.32,76.260452,4328400,186
2018-11-14,84.519997,85.599998,82.610001,83.129997,75.184204,5625500,187
2018-11-15,82.849998,82.849998,80.07,80.760002,73.040733,7119000,188
2018-11-16,79.449997,80.160004,78.209999,79.68,72.063988,8260900,189
2018-11-19,79.93,80.400002,77.559998,77.790001,70.354622,9144000,190
2018-11-20,67.989998,71.5,66.120003,69.029999,62.949825,20866400,191
2018-11-21,70,70.25,68.080002,69.260002,63.159561,11724700,192
2018-11-23,69.190002,69.370003,67.209999,67.349998,61.417789,5652600,193
2018-11-26,68.07,69.339996,68.07,69.25,63.15044,10028800,194
2018-11-27,69.089996,71.989998,68.68,71.379997,65.092827,13392500,195
2018-11-28,71.389999,71.889999,69.82,71.879997,65.548798,8457200,196
2018-11-29,71.449997,71.540001,69.760002,71.169998,64.901329,6718400,197
2018-11-30,70.940002,71.669998,70.339996,70.959999,64.709824,7100400,198
2018-12-03,72.43,72.639999,70.809998,72.339996,65.968277,7747600,199
2018-12-04,72.059998,72.480003,68.5,69.309998,63.205151,9762000,200
2018-12-06,68.699997,69.599998,67.349998,69.540001,63.414902,6304400,201
2018-12-07,69.169998,69.870003,67.330002,67.809998,61.837273,5471500,202
2018-12-10,67.760002,68.529999,66.57,68.32,62.302357,5750900,203
2018-12-11,68.739998,68.809998,66.07,66.779999,60.898006,5756500,204
2018-12-12,67.849998,68.32,67.25,67.790001,61.819046,5451300,205
2018-12-13,67.419998,68.669998,65.959999,66.68,60.806805,5866800,206
2018-12-14,66.199997,67.919998,66.019997,67.169998,61.253658,6471700,207
2018-12-17,66.699997,66.709999,63.759998,64.32,58.654682,8576400,208
2018-12-18,64.720001,65.779999,64.57,65.309998,59.557487,7074300,209
2018-12-19,65.839996,65.949997,62.470001,62.830002,57.295925,6705300,210
2018-12-20,62.650002,63.330002,60.740002,61.700001,56.26545,8216200,211
2018-12-21,61.77,63.509998,60.810001,61.130001,55.745655,8825100,212
2018-12-24,60.709999,62.709999,60.150002,61.549999,56.128662,3623400,213
2018-12-26,62.400002,65.230003,61.990002,65.110001,59.375092,6157300,214
2018-12-27,64.370003,64.889999,62.16,64.709999,59.010326,5706000,215
2018-12-28,65.18,65.879997,64.43,64.959999,59.238312,4193200,216
2018-12-31,65.330002,66.18,65.220001,66.089996,60.268784,4178500,217
2019-01-02,65.059998,66.849998,64.760002,66.440002,60.587952,4549300,218
2019-01-03,66.129997,66.629997,65.410004,65.529999,59.758102,4562200,219
2019-01-04,66.239998,66.879997,65.449997,66.43,60.578823,4825900,220
2019-01-07,66.809998,69.879997,66.809998,69.68,63.542576,7630600,221
2019-01-08,70.18,70.480003,68.309998,69.610001,63.478737,6756000,222
2019-01-09,69.379997,70.980003,68.779999,70.290001,64.098839,6025100,223
2019-01-10,67.949997,68.330002,66.529999,68.290001,62.274998,13913700,224
2019-01-11,68.300003,70.040001,68.059998,69.610001,63.478737,5025900,225
2019-01-14,69.150002,69.849998,68.629997,68.839996,62.776558,4568000,226
2019-01-15,68.760002,68.760002,67.800003,68.209999,62.202042,3770000,227
2019-01-16,68.059998,68.629997,67.599998,67.849998,61.873753,4888700,228
2019-01-17,67.510002,69.660004,67.169998,69.370003,63.25988,4133200,229
2019-01-18,69.970001,70.879997,69.830002,70.68,64.454498,4484100,230
2019-01-22,70.379997,71.040001,69.660004,70.279999,64.089714,5763900,231
2019-01-23,70.839996,71.449997,69.330002,70.32,64.126213,4446600,232
2019-01-24,70.550003,70.900002,69.82,70.610001,64.390678,4057000,233
2019-01-25,71.050003,72.440002,70.940002,72.389999,66.01387,5544200,234
2019-01-28,72.019997,72.220001,71.209999,72.120003,65.76767,3511100,235
2019-01-29,72.120003,72.190002,71.300003,71.699997,65.384651,3320600,236
2019-01-30,72.300003,72.650002,71.309998,72.330002,65.959152,3789300,237
2019-01-31,72.309998,73.07,72.07,73,66.570145,6699400,238
2019-02-01,73.099998,73.099998,70.459999,71.169998,64.901329,5916200,239
2019-02-04,71.209999,72.559998,70.809998,72.440002,66.059479,3622300,240
2019-02-05,72.709999,73.050003,72.25,72.769997,66.360405,3526200,241
2019-02-06,72.629997,72.739998,71.870003,72.510002,66.123314,3399300,242
2019-02-07,72.040001,72.540001,71.480003,71.860001,65.530556,3711600,243
2019-02-08,71.699997,72.18,70.739998,70.879997,64.636887,4146200,244
2019-02-11,70.779999,70.790001,69.07,70.150002,63.971169,6661000,245
2019-02-12,70.699997,71.18,70.260002,70.410004,64.208275,4505500,246
2019-02-13,70.610001,72.760002,69.970001,72.57,66.178017,7186900,247
2019-02-14,71.730003,72.989998,71.110001,72.18,65.822388,4624800,248
2019-02-15,72.559998,73.379997,72.220001,72.839996,66.424232,3835800,249
2019-02-19,72.93,73.709999,72.019997,73.300003,67.436249,6868000,250
2019-02-20,73.43,73.629997,72.489998,72.709999,66.893448,5005600,251
2019-02-21,72.760002,72.970001,71.68,72.029999,66.267822,3985000,252
2019-02-22,72.209999,72.639999,71.800003,72.25,66.47023,3144800,253
2019-02-25,72.830002,73.589996,72.610001,73.099998,67.252228,7782000,254
2019-02-26,72.919998,73.220001,71.709999,72.290001,66.50705,5370900,255
2019-02-27,72.309998,73.480003,72.300003,73.019997,67.178635,5164400,256
2019-02-28,73.120003,73.120003,72.269997,72.639999,66.829041,5375600,257
2019-03-01,73.589996,74.459999,71.959999,72.940002,67.105049,6833800,258
2019-03-04,73.449997,73.970001,72.449997,72.669998,66.856659,7383800,259
2019-03-05,76.489998,76.559998,74.120003,76,69.92025,17015100,260
2019-03-06,76.82,77.440002,76.129997,76.900002,70.748238,7874200,261
2019-03-07,76.330002,76.989998,75.519997,76.169998,70.076645,5617900,262
2019-03-08,75.879997,75.949997,74.790001,75.809998,69.745445,4581900,263
2019-03-11,75.82,76.300003,75.440002,76.269997,70.168655,3435900,264
2019-03-12,76.440002,76.5,75.769997,76.18,70.085869,3646200,265
2019-03-13,76.260002,77.370003,76.18,77.120003,70.950661,3796600,266
2019-03-14,76.660004,76.800003,76.050003,76.489998,70.371063,3779500,267
2019-03-15,76.730003,76.879997,76.07,76.660004,70.527466,5274100,268
2019-03-18,76.919998,78.010002,76.919998,77.879997,71.649857,3923500,269
2019-03-19,78.330002,78.769997,78.010002,78.459999,72.183456,4192300,270
2019-03-20,78.43,78.449997,77.400002,77.540001,71.337051,4325300,271
2019-03-21,78.199997,79.93,78.199997,79.489998,73.131065,5322000,272
2019-03-22,79.150002,79.589996,78.25,78.32,72.054649,3174500,273
2019-03-25,78.309998,79.279999,78.050003,78.529999,72.247849,2911400,274
2019-03-26,79.160004,80.029999,79.050003,79.629997,73.259857,3493600,275
2019-03-27,79.68,80.639999,79.550003,79.82,73.434654,3609400,276
2019-03-28,80.089996,81.559998,79.870003,80.32,73.894661,5394100,277
2019-03-29,80.739998,80.769997,79.849998,80.260002,73.839478,3886600,278
2019-04-01,80.610001,80.610001,79.300003,79.970001,73.572678,4733900,279
2019-04-02,79.599998,80.260002,79.360001,79.459999,73.10347,2909200,280
2019-04-03,79.739998,79.860001,79.190002,79.309998,72.965446,3251700,281
2019-04-04,79.18,81.559998,79.160004,81.379997,74.869873,4396200,282
2019-04-05,81.059998,81.580002,80.599998,80.940002,74.465073,4234600,283
2019-04-08,80.910004,82.230003,80.860001,81.93,75.375854,4609000,284
2019-04-09,81.18,81.379997,80.370003,80.660004,74.207466,4863800,285
2019-04-10,80.93,81.410004,80.239998,80.75,74.290268,2265400,286
2019-04-11,80.699997,81.080002,80.139999,80.449997,74.014252,2627800,287
2019-04-12,81,81.5,80.440002,80.730003,74.271881,3517200,288
2019-04-15,80.839996,82.129997,80.690002,81.980003,75.421875,3306200,289
2019-04-16,82.389999,82.459999,81.650002,81.970001,75.412666,2663600,290
2019-04-17,82.400002,83.400002,82.300003,82.68,76.065895,3045000,291
2019-04-18,82.760002,83.480003,82.440002,83.260002,76.599472,3162700,292
2019-04-22,83.160004,83.650002,81.93,82.019997,75.458672,3331200,293
2019-04-23,81.639999,82.260002,80.290001,82.160004,75.587471,6238500,294
2019-04-24,81.669998,83.339996,81.669998,82.879997,76.249863,2660000,295
2019-04-25,82.790001,82.790001,81.650002,81.739998,75.201073,3797000,296
2019-04-26,77.120003,78.360001,74.730003,77.120003,70.950661,12352800,297
2019-04-29,78.419998,78.480003,76.970001,77.800003,71.576263,9097000,298
2019-04-30,78.059998,78.139999,77.010002,77.419998,71.226654,5339800,299
2019-05-01,77.800003,78.040001,75.620003,75.669998,69.616638,5463200,300
2019-05-02,76.080002,77,75.739998,76.419998,70.306656,4456300,301
2019-05-03,75.970001,77,75.32,75.940002,69.865044,5774300,302
2019-05-06,75,76.150002,74.75,75.980003,69.90184,4008600,303
2019-05-07,75.449997,75.82,74.470001,75.040001,69.037048,4437200,304
2019-05-08,75.120003,75.779999,74.300003,75.410004,69.377449,3997700,305
2019-05-09,74.949997,75.559998,74.230003,75.110001,69.101448,4549300,306
2019-05-10,74.660004,75.089996,73.330002,74.639999,68.669029,5200300,307
2019-05-13,73.290001,73.529999,71.370003,71.68,65.945831,6055200,308
2019-05-14,70.970001,71.769997,70.029999,71.260002,66.150063,8063100,309
2019-05-15,70.940002,71.220001,70.260002,70.809998,65.732338,5578900,310
2019-05-16,71.489998,71.940002,70.610001,70.779999,65.704483,4476200,311
2019-05-17,70.139999,71.589996,70.089996,70.889999,65.80658,3891200,312
2019-05-20,71.419998,72.32,71.099998,72.080002,66.91127,5750100,313
2019-05-21,71.260002,72.949997,70.709999,71.959999,66.799889,7705900,314
2019-05-22,77.010002,79.190002,76.800003,77.559998,71.998306,20777800,315
2019-05-23,77.809998,79.589996,76.82,79.400002,73.706367,11619600,316
2019-05-24,79.599998,81.660004,79.580002,81.57,75.720749,7851700,317
2019-05-28,81.779999,82.25,80.690002,80.769997,74.978119,6522700,318
2019-05-29,80.029999,80.190002,79.129997,79.639999,73.929146,5772200,319
2019-05-30,80.010002,80.790001,79.900002,80.389999,74.625359,3996900,320
2019-05-31,79.790001,80.589996,79.410004,80.449997,74.681061,4137000,321
2019-06-03,80.599998,83.760002,80.559998,82.949997,77.001801,7071800,322
2019-06-04,83.349998,85.959999,83.25,85.849998,79.693848,7952700,323
2019-06-05,86.379997,87.410004,85.129997,85.489998,79.35965,6744500,324
2019-06-06,85.480003,86.040001,84.699997,85.699997,79.554581,4558400,325
2019-06-07,86.260002,87.43,86.050003,86.849998,80.622116,5214100,326
2019-06-10,87.339996,87.980003,87.150002,87.550003,81.271935,3019500,327
2019-06-11,88,88.639999,87.629997,87.849998,81.550415,4285000,328
2019-06-12,87.910004,88.389999,87.589996,88.260002,81.93103,3650900,329
2019-06-13,88.459999,89.150002,87.970001,88.300003,81.968155,3200300,330
2019-06-14,88.330002,88.730003,87.269997,87.790001,81.494736,4300800,331
2019-06-17,87.459999,87.599998,86.279999,87.139999,80.891335,4194500,332
2019-06-18,87.510002,87.610001,86.279999,86.470001,80.269371,4389100,333
2019-06-19,86.540001,86.75,85.629997,86.160004,79.981598,4088200,334
2019-06-20,86.660004,86.690002,85.480003,86.209999,80.028015,3814800,335
2019-06-21,86.360001,88.599998,86.059998,87.599998,81.318352,7847600,336
2019-06-24,87.459999,87.989998,86.449997,86.720001,80.50145,3059000,337
2019-06-25,87.139999,87.25,85.559998,85.699997,79.554581,5061300,338
2019-06-26,86.059998,86.599998,85.529999,85.589996,79.452477,2978100,339
2019-06-27,85.610001,86.190002,85.290001,85.870003,79.712395,2941600,340
2019-06-28,85.800003,87.129997,85.75,86.610001,80.39933,5284100,341
2019-07-01,87.550003,88.839996,86.010002,86.940002,80.705688,4780700,342
2019-07-02,86.910004,87.050003,86.239998,87.040001,80.798508,2323600,343
2019-07-03,87.5,87.980003,87.419998,87.900002,81.596848,1532900,344
2019-07-05,87.75,88.779999,87.440002,88.639999,82.283783,2032000,345
2019-07-08,88.550003,89.410004,87.949997,88.910004,82.534416,4734400,346
2019-07-09,88.470001,89.400002,87.800003,87.800003,81.504013,3986900,347
2019-07-10,87.849998,88,85.68,85.849998,79.693848,5638400,348
2019-07-11,86.400002,87.220001,86.059998,86.470001,80.269371,5307700,349
2019-07-12,87.050003,88.879997,86.730003,87.529999,81.253357,4732000,350
2019-07-15,87.550003,88.209999,86.449997,86.800003,80.575714,3174200,351
2019-07-16,87.419998,88.82,87.099998,88.309998,81.977432,5276900,352
2019-07-17,88.050003,88.120003,87.209999,87.860001,81.559708,3671100,353
2019-07-18,87.510002,88.519997,87.029999,88.5,82.153809,3847300,354
2019-07-19,88.839996,89.139999,88,88.010002,81.698944,3420400,355
2019-07-22,88.25,88.639999,86.879997,87.220001,80.965614,2850200,356
2019-07-23,87.75,88.559998,86.690002,88.540001,82.190941,4304000,357
2019-07-24,88.019997,89.510002,87.720001,89.089996,82.701485,3204700,358
2019-07-25,88.82,89.029999,87.419998,87.970001,81.661812,3603500,359
2019-07-26,87.839996,87.839996,86.370003,87.059998,80.817078,5315900,360
2019-07-29,87.160004,87.459999,86.660004,87.230003,80.974884,3328800,361
2019-07-30,87.269997,87.290001,86.220001,86.879997,80.649971,2733400,362
2019-07-31,86.830002,87.510002,85.830002,86.400002,80.204399,4470600,363
2019-08-01,86.190002,87.040001,81.029999,82.620003,76.695457,7100500,364
2019-08-02,82.529999,82.730003,81.449997,81.519997,75.674332,5134500,365
2019-08-05,81.300003,81.57,80.029999,80.790001,74.996681,7255600,366
2019-08-06,81.160004,83.209999,80.769997,82.769997,76.834702,5546300,367
2019-08-07,81.940002,83.25,81.129997,83.010002,77.057495,4762100,368
2019-08-08,83.730003,84.620003,82.980003,83.800003,77.790848,4464100,369
2019-08-09,83.5,84.370003,82.050003,82.410004,76.500519,4966300,370
2019-08-12,81.32,82.160004,81.050003,82.029999,76.147774,5194200,371
2019-08-13,81.599998,86.639999,81.209999,84.239998,78.199295,8412100,372
2019-08-14,81.860001,83.220001,81.150002,81.889999,76.017807,7011500,373
2019-08-15,83.360001,84.050003,82.010002,82.559998,76.639763,5389000,374
2019-08-16,83.300003,84.459999,83.169998,84.209999,78.171432,4861100,375
2019-08-19,86.5,86.879997,85.709999,86.580002,80.371506,7353800,376
2019-08-20,86.230003,87.120003,85.529999,85.529999,80.006668,8797200,377
2019-08-21,99.870003,103.379997,98.129997,103,96.348511,41449400,378
2019-08-22,105.389999,106.519997,103.379997,106.32,99.454109,17105700,379
2019-08-23,104.769997,105.940002,103.25,103.489998,96.806862,8989600,380
2019-08-26,104.910004,105.739998,103.769997,104.769997,98.004204,5583100,381
2019-08-27,105.010002,105.099998,104.260002,104.699997,97.938721,5319900,382
2019-08-28,104.669998,106.720001,104.5,106.400002,99.528938,6641000,383
2019-08-29,107.989998,108.550003,106.93,107.93,100.960144,5196600,384
2019-08-30,108.5,109.330002,106.830002,107.040001,100.127625,5309000,385
2019-09-03,106.769997,107.480003,106.010002,106.709999,99.818924,3992100,386
2019-09-04,107,107.919998,106.809998,107.360001,100.426941,3963700,387
2019-09-05,109.239998,109.400002,108.220001,108.540001,101.530762,4144400,388
2019-09-06,108.949997,110.940002,108.800003,109.849998,102.756149,5274400,389
2019-09-09,109.599998,110.269997,107.519997,107.949997,100.978828,5005500,390
2019-09-10,107.410004,108.830002,106.839996,108.830002,101.802032,3949200,391
2019-09-11,108.699997,109.510002,107.889999,108.970001,101.932968,3704700,392
2019-09-12,109.43,109.720001,108.550003,108.940002,101.904922,3185700,393
2019-09-13,109.07,109.169998,107.830002,107.989998,101.016266,2508300,394
2019-09-16,107.25,107.940002,106.300003,106.959999,100.05278,4642500,395
2019-09-17,106.629997,107.459999,106.18,107.279999,100.352112,4325800,396
2019-09-18,107.120003,107.690002,106.010002,106.970001,100.062126,2950900,397
2019-09-19,108.550003,108.739998,106.879997,107.870003,100.904022,2938700,398
2019-09-20,108.309998,108.550003,106.599998,106.669998,99.781494,4199800,399
2019-09-23,107.419998,110.410004,107.209999,108.779999,101.755249,4945300,400
2019-09-24,110.199997,110.199997,107.080002,107.449997,100.511131,5397700,401
2019-09-25,107.07,108.129997,106.620003,106.800003,99.903122,3934100,402
2019-09-26,106.900002,107.400002,104.68,106.290001,99.426048,5166600,403
2019-09-27,105.949997,106.809998,105.529999,106.120003,99.267021,3188600,404
2019-09-30,106.669998,107.389999,106.419998,106.910004,100.006012,3639000,405
2019-10-01,107.330002,108.139999,105.860001,105.940002,99.098648,3557400,406
2019-10-02,104.900002,105.959999,104.010002,105.160004,98.369019,5637600,407
2019-10-03,105.230003,106.699997,104.389999,106.620003,99.734741,3512600,408
2019-10-04,106.769997,109.269997,106.540001,109.099998,102.054581,4116400,409
2019-10-07,108.660004,108.849998,107.139999,107.949997,100.978828,3755600,410
2019-10-08,107.93,110.029999,107.040001,108.519997,101.512047,4339800,411
2019-10-09,109.919998,111.25,109.529999,110.360001,103.233215,5832000,412
2019-10-10,109.559998,110.589996,109.089996,110.57,103.429657,3647000,413
2019-10-11,111.849998,112.940002,111.209999,111.830002,104.608292,4563100,414
2019-10-14,111.849998,112.230003,110.949997,111.150002,103.972206,2356300,415
2019-10-15,111.559998,112.300003,111.339996,111.889999,104.664413,2706100,416
2019-10-16,111.790001,112.209999,111.18,112.190002,104.945038,2315700,417
2019-10-17,112.410004,113.709999,112.339996,113.230003,105.917885,4100800,418
2019-10-18,112.860001,113.739998,112.400002,112.809998,105.525002,3887700,419
2019-10-21,113.32,113.809998,112.739998,113.68,106.338821,2886500,420
2019-10-22,113.949997,114.830002,113.059998,113.190002,105.880455,3509100,421
2019-10-23,113.190002,113.190002,110.720001,111.360001,104.168633,5157800,422
2019-10-24,111.830002,112,110.019997,110.25,103.13031,3840100,423
2019-10-25,109.919998,109.989998,108.529999,109.019997,101.979736,5659700,424
2019-10-28,109.169998,110.480003,109.019997,109.720001,102.634544,4448200,425
2019-10-29,109.260002,109.580002,107.93,108.150002,101.165939,3004700,426
2019-10-30,108.019997,108.769997,107.220001,107.93,100.960144,3567800,427
2019-10-31,107.650002,107.93,105.910004,106.910004,100.006012,6467400,428
2019-11-01,108.059998,108.370003,107.43,107.82,100.857246,3104000,429
2019-11-04,108.5,109.160004,108.209999,108.769997,101.745888,3195600,430
2019-11-05,108.970001,110.419998,108.830002,110.059998,102.952583,3292400,431
2019-11-06,109.889999,110.599998,109.339996,110.510002,103.37352,3234400,432
2019-11-07,111.620003,111.860001,110.339996,110.589996,103.448341,3494300,433
2019-11-08,110.559998,110.980003,109.419998,110.150002,103.036774,2805400,434
2019-11-11,110.629997,110.860001,109.760002,110.449997,103.317398,3082700,435
2019-11-12,110.220001,110.279999,107.910004,108.349998,101.35302,5429600,436
2019-11-13,108.629997,109.230003,107.019997,108.580002,101.568161,3653900,437
2019-11-14,110.709999,111.25,109.559998,111.110001,103.934776,5968400,438
2019-11-15,112.050003,113.68,111.330002,113.209999,105.89917,5340300,439
2019-11-18,113.830002,114.260002,111.860001,111.959999,104.729897,6898000,440
2019-11-19,110.410004,111.099998,109.349998,110.849998,104.306458,7377500,441
2019-11-20,122.32,127.199997,118.360001,126.43,118.966751,32365500,442
2019-11-21,126.580002,127.970001,125.709999,127.650002,120.114754,10804300,443
2019-11-22,127.949997,127.949997,126.279999,127.019997,119.521935,7537100,444
2019-11-25,127.260002,127.489998,125.080002,125.190002,117.799957,8365300,445
2019-11-26,125.260002,127.839996,125,126.889999,119.399605,7581400,446
2019-11-27,127.150002,127.150002,125.760002,125.900002,118.468048,3430400,447
2019-11-29,126,126.779999,124.949997,125.010002,117.630585,2660000,448
2019-12-02,125.699997,126.199997,123.910004,123.980003,116.661385,4194400,449
2019-12-03,122.599998,124.580002,122.330002,124.040001,116.717842,4237200,450
2019-12-04,125.010002,125.529999,124.300003,124.519997,117.169502,3935200,451
2019-12-05,125.059998,125.330002,123.650002,124.68,117.320053,2614100,452
2019-12-06,125.169998,126.400002,124.860001,125.029999,117.649399,4305300,453
2019-12-09,124.980003,127.18,124.900002,126.449997,118.98558,3508700,454
2019-12-10,126.089996,126.57,125.32,125.769997,118.345726,3573800,455
2019-12-11,125.400002,125.889999,124.730003,125.800003,118.37394,2816200,456
2019-12-12,125.660004,127.860001,125.129997,127.519997,119.992416,3677400,457
2019-12-13,126.720001,127.43,126.169998,127.220001,119.710136,2970000,458
2019-12-16,127.790001,128,125.959999,125.959999,118.524506,4488100,459
2019-12-17,126.470001,128.910004,126,128.380005,120.801659,5617300,460
2019-12-18,128.509995,129.080002,127.75,128.080002,120.519363,3940200,461
2019-12-19,127.720001,128.979996,127.370003,128.699997,121.102753,3292700,462
2019-12-20,129.449997,130.240005,128.5,129.149994,121.526192,6224900,463
2019-12-23,129.470001,129.539993,128.009995,128.339996,120.764008,4051800,464
2019-12-24,128.899994,128.899994,127.949997,128.550003,120.961609,1643400,465
2019-12-26,129.130005,129.399994,127.93,128.889999,121.281548,2197900,466
2019-12-27,129,129.229996,128.229996,129.210007,121.582657,2233600,467
2019-12-30,129,129.949997,128.410004,128.889999,121.281548,2546500,468
2019-12-31,128.399994,128.970001,127.370003,128.210007,120.641685,4059800,469
2020-01-02,128.740005,128.899994,125.260002,126.07,118.628006,5149800,470
2020-01-03,124.660004,125.529999,123.93,124.760002,117.39534,5018500,471
2020-01-06,123.970001,124.650002,123.220001,123.580002,116.284996,4226900,472
2020-01-07,123,124.43,123,123.800003,116.49202,3641600,473
2020-01-08,124.050003,125.25,123.339996,123.400002,116.115631,5731600,474
2020-01-09,123.5,124.910004,122.660004,123.5,116.209724,5369700,475
2020-01-10,124.709999,125.699997,124.050003,124.730003,117.367104,4678000,476
2020-01-13,124.589996,124.68,122.93,123.870003,116.557877,3632800,477
2020-01-14,123.599998,125.660004,123.440002,125.260002,117.865829,3291900,478
2020-01-15,117.489998,119.400002,115.559998,117,110.093422,26743400,479
2020-01-16,117.139999,117.32,115.830002,116.32,109.453552,9361600,480
2020-01-17,116.489998,117.790001,116.169998,116.919998,110.018127,7303800,481
2020-01-21,116.660004,116.660004,113.82,114.040001,107.308144,8188000,482
2020-01-22,114.139999,115.080002,113.769997,113.900002,107.176414,5070600,483
2020-01-23,113.529999,115.57,113.099998,115.529999,108.71019,4641500,484
2020-01-24,116,116,113.639999,114.32,107.571617,4338900,485
2020-01-27,112.949997,116.209999,112.57,115.779999,108.945435,6779200,486
2020-01-28,116.150002,116.459999,115.43,115.440002,108.625504,3865100,487
2020-01-29,115.779999,116.080002,114.25,114.269997,107.524567,5250600,488
2020-01-30,113.769997,114.709999,112.889999,114.669998,107.900948,4466400,489
2020-01-31,113.410004,113.790001,110.370003,110.739998,104.202957,6961900,490
2020-02-03,111.139999,113.410004,111,112.510002,105.868469,5186000,491
2020-02-04,113.639999,114.800003,113.199997,113.25,106.564781,3626000,492
2020-02-05,114.010002,115.900002,113.849998,115.529999,108.71019,3636700,493
2020-02-06,115.989998,116.379997,114.760002,115.139999,108.343208,4024800,494
2020-02-07,115.019997,115.650002,114.459999,115.610001,108.785461,2970800,495
2020-02-10,115.599998,117.239998,115.599998,116.980003,110.074615,3862000,496
2020-02-11,117.07,117.139999,115.120003,116.690002,109.80172,3065100,497
2020-02-12,116.660004,118.75,116.470001,118.110001,111.137901,3764800,498
2020-02-13,117.839996,118.5,117.419998,118.279999,111.297859,2654900,499
2020-02-14,118.300003,118.459999,116.300003,116.629997,109.745262,3289100,500
2020-02-18,116.949997,117.870003,116.349998,117.830002,111.505417,3122500,501
2020-02-19,117.690002,118.129997,117.050003,117.389999,111.089035,2866700,502
2020-02-20,116.970001,118.290001,116.57,118.260002,111.912354,2659300,503
2020-02-21,117.830002,118.879997,116.800003,117.010002,110.729439,3856500,504
2020-02-24,114.480003,115.989998,113.120003,113.779999,107.672813,5304900,505
2020-02-25,114.190002,115.150002,111.629997,111.720001,105.723373,5095900,506
2020-02-26,112.18,112.709999,110.290001,110.660004,104.720284,4318300,507
2020-02-27,108.379997,109.379997,105.540001,105.620003,99.95079,6713400,508
2020-02-28,102.209999,104.199997,100.739998,103,97.471436,9174100,509
2020-03-02,103.379997,109.440002,102.949997,109.059998,103.206154,9691100,510
2020-03-03,112,112.199997,103.959999,105.839996,100.158981,10927400,511
2020-03-04,107,108.07,104.669998,107.82,102.032715,6834800,512
2020-03-05,105.639999,108.440002,105.25,105.970001,100.282013,5294900,513
2020-03-06,104.160004,106.43,102.75,105.949997,100.263084,5370800,514
2020-03-09,99.760002,107.68,99.760002,104.029999,98.446144,7346600,515
2020-03-10,106.239998,109.589996,104.800003,108.330002,102.515335,7461000,516
2020-03-11,106.029999,107.980003,103.419998,105.580002,99.912949,6102500,517
2020-03-12,99.239998,101.529999,92.410004,92.620003,87.648582,10208800,518
2020-03-13,96.650002,105.139999,92.529999,101.019997,95.597717,9267200,519
2020-03-16,92.589996,99.940002,91.160004,93.790001,88.755775,6963700,520
2020-03-17,95.120003,106.489998,95.059998,103.629997,98.067619,10586400,521
2020-03-18,98.940002,108.349998,96.849998,102.82,97.301086,8845700,522
2020-03-19,102.720001,107.120003,99.809998,100.5,95.105621,7414200,523
2020-03-20,99.300003,102.480003,96.379997,97.400002,92.172012,8057200,524
2020-03-23,96.550003,99.199997,93.809998,96.690002,91.500114,7104300,525
2020-03-24,100.139999,101.650002,96,100.559998,95.162392,6498600,526
2020-03-25,99.120003,99.330002,90.519997,91.040001,86.153381,12563200,527
2020-03-26,91.389999,96.470001,91.209999,96.07,90.913414,7014000,528
2020-03-27,94.489998,97.830002,92.93,94.739998,89.654793,4902800,529
2020-03-30,96.18,97.769997,95.5,96.010002,90.856606,4485600,530
2020-03-31,95.279999,96.779999,92.160004,92.970001,87.97979,6388400,531
2020-04-01,91.639999,96.139999,91.290001,95.269997,90.156326,8581000,532
2020-04-02,94.269997,95.669998,92.120003,94.360001,89.295181,5929200,533
2020-04-03,93.529999,94.129997,90.169998,92.57,87.601265,6815300,534
2020-04-06,93.220001,97.82,92.129997,97.510002,92.276115,7107800,535
2020-04-07,98.75,101.660004,97.029999,98.260002,92.985855,6599300,536
2020-04-08,100.349998,105.690002,100,104.629997,99.013939,7542900,537
2020-04-09,102,104.830002,101.5,104.199997,98.607018,7069200,538
2020-04-13,104.199997,105.370003,102.910004,104.68,99.061256,3235500,539
2020-04-14,108.489998,109.910004,105.879997,108.379997,102.56266,5032300,540
2020-04-15,108.760002,109,105.25,106.239998,100.537521,4225600,541
2020-04-16,107,109.889999,106.650002,109.300003,103.433273,5950300,542
2020-04-17,110.900002,114.07,108.43,113.419998,107.332115,7617500,543
2020-04-20,112.5,112.5,108.720001,108.980003,103.130455,5329600,544
2020-04-21,108.260002,108.260002,105.910004,106.900002,101.162094,4519700,545
2020-04-22,108.190002,108.529999,106.419998,106.839996,101.105301,2954600,546
2020-04-23,100.699997,105.5,100.5,103.860001,98.285255,16508000,547
2020-04-24,104.5,108.449997,103.860001,107.82,102.032715,6088600,548
2020-04-27,108.68,111.199997,108.510002,109.879997,103.98214,4340700,549
2020-04-28,111.510002,113.879997,110.110001,112,105.98835,4904700,550
2020-04-29,113.5,114.040001,110.110001,112.099998,106.082985,4929800,551
2020-04-30,111.080002,111.199997,108.889999,109.739998,103.849648,4769600,552
2020-05-01,108.849998,109.480003,106.099998,108.230003,102.4207,4590500,553
2020-05-04,107.830002,112.029999,107.629997,111.709999,105.713921,4578300,554
2020-05-05,111.699997,113.379997,110.470001,111.760002,105.761238,4201100,555
2020-05-06,112.889999,115.620003,112.559998,113.580002,107.483536,4913900,556
2020-05-07,114.760002,115.290001,113.099998,113.360001,107.27536,3689800,557
2020-05-08,114.709999,116.830002,114.120003,115.830002,109.612778,4266900,558
2020-05-11,116.82,120.739998,115.93,120.18,113.729294,5996300,559
2020-05-12,121,122.949997,119.389999,119.389999,112.981682,4897000,560
2020-05-13,119.449997,120.629997,118.139999,119.139999,112.745117,4677900,561
2020-05-14,117.940002,120.830002,117.120003,119.940002,113.502182,5635600,562
2020-05-15,120.349998,122.650002,119.800003,120.940002,114.448486,8354200,563
2020-05-18,123.260002,125.550003,122.769997,125.199997,118.479828,6320900,564
2020-05-19,125.110001,125.970001,122.769997,123.169998,117.176483,7914900,565
2020-05-20,124.089996,124.910004,119.290001,119.629997,113.808746,12897000,566
2020-05-21,119.629997,120.370003,117.639999,118.68,112.904984,7620700,567
2020-05-22,118.830002,119.360001,117.18,117.489998,111.772881,4902900,568
2020-05-26,118.800003,119.959999,114.809998,115.120003,109.518219,7274600,569
2020-05-27,115.629997,117.449997,114.230003,117.410004,111.696793,8260300,570
2020-05-28,117.959999,120.239998,117.459999,118.43,112.667145,6137300,571
2020-05-29,118.739998,122.779999,118.160004,122.330002,116.37738,8705900,572
2020-06-01,120.449997,120.739998,118.82,119.489998,113.675568,6020100,573
2020-06-02,119.660004,120.779999,118.190002,118.849998,113.066704,5144600,574
2020-06-03,119.139999,122.300003,118.300003,121.730003,115.80658,5815800,575
2020-06-04,121.879997,122.739998,119.550003,119.959999,114.122688,3963600,576
2020-06-05,121.410004,122.510002,119.68,121.529999,115.616295,4578800,577
2020-06-08,120.809998,122.459999,120.580002,122.370003,116.415436,3578400,578
2020-06-09,122.540001,122.730003,120.290001,120.720001,114.845718,2923500,579
2020-06-10,120.75,122.18,119.779999,120,114.160759,3653700,580
2020-06-11,118.57,120.940002,117.779999,118.010002,112.267586,5005100,581
2020-06-12,119.580002,119.75,114.809998,116.900002,111.211609,4953400,582
2020-06-15,115.459999,118.690002,115.230003,118.150002,112.400787,4593800,583
2020-06-16,120.440002,121.330002,117.220001,119.209999,113.409187,5138000,584
2020-06-17,119.470001,119.470001,117.779999,118.269997,112.514938,3808600,585
2020-06-18,118.239998,118.260002,116.870003,117.300003,111.59214,3261100,586
2020-06-19,120.199997,122.93,119.230003,120.559998,114.693497,12611200,587
2020-06-22,120.5,123.110001,119.099998,122.43,116.472496,4671200,588
2020-06-23,123.029999,124.43,121.260002,121.5,115.587753,4307000,589
2020-06-24,121.169998,121.989998,118.629997,119.720001,113.894379,4181600,590
2020-06-25,119.389999,119.949997,118.290001,119.809998,113.980003,2759500,591
2020-06-26,120,120.650002,116.75,117.019997,111.32576,6670800,592
2020-06-29,117.489998,119.279999,116.769997,118.57,112.800339,3258900,593
2020-06-30,118.879997,120.440002,118.269997,119.93,114.094162,3633900,594
2020-07-01,119.910004,120.360001,118.830002,118.959999,113.171349,2836400,595
2020-07-02,119.980003,120.589996,118.889999,119.120003,113.323563,2216100,596
2020-07-06,120.010002,120.25,117.980003,119.239998,113.437744,3766400,597
2020-07-07,118.300003,119.550003,117.809998,118.059998,112.315147,3908300,598
2020-07-08,118.150002,118.5,116.730003,117.699997,111.972679,2845100,599
2020-07-09,117.459999,119.309998,117.129997,117.900002,112.162933,2861000,600
2020-07-10,117.82,118.980003,117.059998,118.860001,113.076233,2033500,601
2020-07-13,119.379997,121.760002,118.379997,118.730003,112.952545,3469700,602
2020-07-14,118.739998,120.169998,117.419998,120.080002,114.23687,2578200,603
2020-07-15,121.309998,122.720001,120.010002,121.669998,115.749481,3533900,604
2020-07-16,121.260002,122.989998,121.139999,121.949997,116.015869,3109900,605
2020-07-17,122.639999,123.209999,121.449997,121.669998,115.749481,2715500,606
2020-07-20,121.540001,121.870003,119.040001,119.82,113.989517,3825900,607
2020-07-21,120.349998,120.989998,120.019997,120.199997,114.351013,3195400,608
2020-07-22,120.300003,123.18,120,123.139999,117.147957,3876600,609
2020-07-23,123.449997,123.599998,121.940002,122.349998,116.3964,3267500,610
2020-07-24,122.540001,125.529999,122.059998,123.709999,117.690224,3832900,611
2020-07-27,124.25,124.489998,122.160004,122.690002,116.719872,2423400,612
2020-07-28,122.610001,124.459999,122.120003,123.290001,117.290649,2337000,613
2020-07-29,123.470001,124.480003,122.900002,123.68,117.66169,2095800,614
2020-07-30,122.330002,125.419998,121.82,124.580002,118.517876,3606300,615
2020-07-31,124.279999,125.93,123.790001,125.879997,119.754623,3267100,616
2020-08-03,126.5,128.240005,126.25,127.839996,121.619255,3319200,617
2020-08-04,127.93,130.770004,127.580002,130.449997,124.102249,3924500,618
2020-08-05,130.75,131.929993,128.660004,129.369995,123.074806,3688800,619
2020-08-06,129.5,129.929993,128.130005,129.009995,122.732323,1979900,620
2020-08-07,129.240005,131.880005,129,131.75,125.339005,2303100,621
2020-08-10,132.070007,134.110001,131.25,132.940002,126.471085,3002900,622
2020-08-11,133.710007,134.589996,131.350006,131.720001,125.310448,3915900,623
2020-08-12,135.110001,135.110001,132.770004,134.600006,128.050308,4860900,624
2020-08-13,133.990005,134.940002,133.610001,134.809998,128.250107,2324800,625
2020-08-14,135.919998,137,135.220001,136.529999,129.886398,3180900,626
2020-08-17,137.979996,138.690002,137.399994,138.240005,131.513168,4632300,627
2020-08-18,137.009995,137.970001,134.669998,136.899994,130.882187,5756800,628
2020-08-19,148.5,154.690002,146.539993,154.220001,147.440842,40211800,629
2020-08-20,154.929993,156.100006,151.720001,152.240005,145.547897,12046000,630
2020-08-21,152.330002,155.610001,152.130005,153.630005,146.87677,7061400,631
2020-08-24,154.5,154.619995,152.630005,153.240005,146.503952,4355300,632
2020-08-25,154.149994,154.279999,152.360001,152.850006,146.131073,2984400,633
2020-08-26,152.75,153.570007,152.089996,152.710007,145.997223,3061600,634
2020-08-27,152.660004,152.75,149.669998,150.309998,143.702744,3773100,635
2020-08-28,150.309998,151.669998,149.600006,150.850006,144.218994,2835600,636
2020-08-31,151.139999,151.910004,150.320007,151.210007,144.563171,3025600,637
2020-09-01,150.610001,151.770004,150.119995,150.550003,143.93219,3603500,638
2020-09-02,150.5,150.869995,148.419998,149.839996,143.253357,4128200,639
2020-09-03,149.470001,149.979996,145.410004,146.029999,139.61087,4135300,640
2020-09-04,146.690002,148.550003,143.690002,147.229996,140.758118,4742100,641
2020-09-08,146.679993,146.789993,143.380005,144,137.67009,3503200,642
2020-09-09,144.759995,148.600006,144.759995,147.550003,141.064041,3279300,643
2020-09-10,147.600006,148.339996,145.309998,146.039993,139.620407,2828100,644
2020-09-11,146.860001,147.960007,146.179993,147.649994,141.159668,2356400,645
2020-09-14,148.550003,150.389999,147.839996,148.440002,141.914948,2706900,646
2020-09-15,148.110001,149.839996,147.360001,149.070007,142.517227,2206200,647
2020-09-16,149.339996,149.729996,147.910004,147.990005,141.484726,2072500,648
2020-09-17,147.389999,148.770004,146.550003,147.610001,141.121414,2391200,649
2020-09-18,147.720001,149.520004,147.259995,148.820007,142.278229,3614800,650
2020-09-21,148.690002,149.990005,146.449997,149.860001,143.272507,3360000,651
2020-09-22,151.149994,154.440002,150.929993,154.080002,147.307022,4334500,652
2020-09-23,153.880005,155.199997,150.369995,151.009995,144.371948,2801300,653
2020-09-24,151.619995,153.559998,150.100006,152,145.31842,3223100,654
2020-09-25,151.860001,155.160004,151.75,154.350006,147.56514,2743300,655
2020-09-28,154.949997,157.710007,154.649994,156.460007,149.582397,3627600,656
2020-09-29,156.75,158.429993,155.869995,156.940002,150.04129,2784200,657
2020-09-30,157.449997,159.149994,156.5,157.419998,150.500183,2806000,658
2020-10-01,158.410004,160.889999,158.100006,158.600006,151.628296,3866000,659
2020-10-02,156.970001,159.990005,156.160004,159.100006,152.106354,1978700,660
2020-10-05,159.990005,162.309998,159.990005,161.490005,154.391281,2268600,661
2020-10-06,161.470001,161.979996,157.610001,158.410004,151.446671,2932600,662
2020-10-07,160.059998,161.610001,159.610001,160.679993,153.616882,2927000,663
2020-10-08,162.600006,163.320007,161.389999,161.860001,154.74501,2189200,664
2020-10-09,162.199997,164.809998,162.100006,163.710007,156.513702,2582700,665
2020-10-12,164.300003,165.490005,163.619995,164.570007,157.335922,2436300,666
2020-10-13,164.570007,166.679993,164.149994,165.639999,158.358856,2015200,667
2020-10-14,165.979996,166.160004,162.600006,163.970001,156.762283,2284700,668
2020-10-15,161.839996,165.460007,161.119995,165.460007,158.186798,1859000,669
2020-10-16,165.910004,167.25,164.360001,164.919998,157.670502,5047900,670
2020-10-19,166.210007,166.960007,163.820007,164.050003,156.83876,2322500,671
2020-10-20,164.949997,167.419998,163.820007,164.869995,157.622681,2698500,672
2020-10-21,165.75,166.199997,162.949997,163.289993,156.112152,3033500,673
2020-10-22,163.070007,163.380005,159.339996,159.600006,152.584366,3647400,674
2020-10-23,160.389999,160.389999,158.809998,160.229996,153.186676,1816800,675
2020-10-26,158.839996,159.389999,156.300003,157.970001,151.026031,2310600,676
2020-10-27,158.070007,158.880005,156.679993,157.029999,150.12735,2406100,677
2020-10-28,154.910004,157.270004,154.110001,155.210007,148.387344,2655700,678
2020-10-29,155.240005,156.089996,153.369995,154.25,147.469528,2157700,679
2020-10-30,153.320007,154.139999,150.800003,152.220001,145.528763,3694100,680
2020-11-02,154,155.119995,152.800003,154.389999,147.603378,2674300,681
2020-11-03,156.320007,158.710007,155.429993,156.729996,149.84053,2545400,682
2020-11-04,157.220001,159.490005,155.25,156.619995,149.735336,3156600,683
2020-11-05,159.740005,159.869995,156.539993,158.630005,151.657028,3114900,684
2020-11-06,158.649994,161.899994,158.529999,161.5,154.400833,3498000,685
2020-11-09,163.149994,163.160004,154.75,154.910004,148.10051,5092800,686
2020-11-10,157.039993,159.059998,156.559998,158.070007,151.121643,3577900,687
2020-11-11,159.449997,162.570007,158.75,159.690002,152.670395,3336500,688
2020-11-12,159.669998,160.990005,158.639999,159.529999,152.517426,2708500,689
2020-11-13,160.990005,163.449997,160.600006,162.880005,155.720169,2765800,690
2020-11-16,165,165.990005,163.350006,165.179993,157.919067,5035600,691
2020-11-17,164,164.710007,160.509995,163.039993,156.517487,6299900,692
2020-11-18,165.940002,172.119995,164.550003,166.850006,160.175064,13092300,693
2020-11-19,168.710007,173.440002,167.899994,171.369995,164.514221,6834900,694
2020-11-20,172.220001,174.410004,171.449997,172.309998,165.416641,6652900,695
2020-11-23,174.25,179.020004,173.589996,177.559998,170.456589,5755700,696
2020-11-24,179.759995,179.839996,177.100006,177.860001,170.744598,4688400,697
2020-11-25,177.729996,180.479996,177.350006,179.820007,172.626221,3780700,698
2020-11-27,180.809998,181.110001,178.949997,179.770004,172.578217,2371900,699
2020-11-30,178.25,180.070007,176.240005,179.529999,172.347778,8010000,700
2020-12-01,179.809998,181.169998,177.100006,179.050003,171.887009,5034900,701
2020-12-02,178.020004,178.210007,175.470001,176.410004,169.352615,3109300,702
2020-12-03,176.470001,176.470001,173.779999,174.919998,167.922226,4214600,703
2020-12-04,174.380005,175.160004,173.229996,175.029999,168.027802,2935700,704
2020-12-07,174.270004,174.949997,171.410004,172.910004,165.992615,3430800,705
2020-12-08,172.5,173.779999,171.740005,172.720001,165.810226,2682200,706
2020-12-09,173.350006,174.919998,172.410004,174.070007,167.106247,2853800,707
2020-12-10,173.589996,174.240005,172.070007,172.399994,165.503021,2643700,708
2020-12-11,171.5,172.75,171.070007,171.710007,164.840652,2676500,709
2020-12-14,172.960007,172.960007,170.169998,170.990005,164.149445,4016400,710
2020-12-15,170.649994,172.779999,170.649994,171.410004,164.552628,3487900,711
2020-12-16,172.009995,172.990005,170.710007,171.690002,164.821442,2193700,712
2020-12-17,172,172.279999,170.289993,171.240005,164.389435,3495300,713
2020-12-18,171.179993,172.179993,168.970001,170.419998,163.602219,6715800,714
2020-12-21,169.630005,173.059998,168.940002,171.759995,164.888641,4077400,715
2020-12-22,172.399994,173.110001,171.460007,172.350006,165.455017,3103200,716
2020-12-23,172.009995,176.330002,171.889999,174.910004,167.912628,4753000,717
2020-12-24,175.979996,176.509995,174.669998,175.190002,168.181396,1941200,718
2020-12-28,177.110001,177.460007,174.889999,176.389999,169.33342,2442000,719
2020-12-29,177.110001,177.770004,174.460007,175.039993,168.037415,2359700,720
2020-12-30,175.699997,176.059998,172.820007,173.880005,166.923843,1935200,721
2020-12-31,174.410004,176.669998,174.100006,176.529999,169.467819,2571300,722
2021-01-04,176.509995,178.089996,174.119995,177.630005,170.523788,3463100,723
2021-01-05,176.800003,181.970001,176.429993,180.369995,173.154175,4843300,724
2021-01-06,180.330002,189.470001,180.110001,188.919998,181.362122,5610100,725
2021-01-07,189.210007,192.350006,189.169998,191.100006,183.454926,4226700,726
2021-01-08,191.580002,193.880005,190.809998,193.600006,185.854904,3321500,727
2021-01-11,193.039993,199.5,192.190002,195.279999,187.467697,7219100,728
2021-01-12,196.169998,199.289993,195.649994,199.100006,191.134872,3866700,729
2021-01-13,198.520004,199.960007,195.279999,196.820007,188.946091,4098200,730
2021-01-14,196.990005,199.399994,196.899994,198.009995,190.08847,3321200,731
2021-01-15,197.649994,198.850006,194.009995,194.800003,187.006927,4289900,732
2021-01-19,194.419998,194.75,187.199997,188.160004,180.632553,5347800,733
2021-01-20,188.5,188.699997,184.539993,188.300003,180.766937,3443200,734
2021-01-21,190.100006,194.089996,189,191.270004,183.618134,4585100,735
2021-01-22,190.899994,192.380005,189.479996,191.910004,184.232544,3257100,736
2021-01-25,191.559998,193.110001,189.229996,190.149994,182.542908,3423900,737
2021-01-26,190.110001,190.559998,186.669998,187.699997,180.190933,3463600,738
2021-01-27,187.610001,187.699997,176.820007,178.279999,171.147797,6985900,739
2021-01-28,177.929993,185.419998,177.759995,183.580002,176.235764,3965200,740
2021-01-29,182.119995,183.5,180.259995,181.169998,173.922165,3612300,741
2021-02-01,182.179993,185,179.679993,183.570007,176.226181,2637300,742
2021-02-02,185.5,189.039993,185.179993,185.589996,178.165344,2920500,743
2021-02-03,185.190002,186.929993,183.699997,185.110001,177.704559,2135400,744
2021-02-04,185.869995,188.740005,184.550003,188.589996,181.045334,2309500,745
2021-02-05,189.490005,190.330002,187.889999,188.860001,181.304535,2218900,746
2021-02-08,192.339996,194.479996,190.490005,193.949997,186.190887,3076400,747
2021-02-09,194.130005,196.25,193.889999,194.289993,186.517288,2868600,748
2021-02-10,193.889999,194.449997,190.119995,192.440002,184.741348,2713500,749
2021-02-11,192.039993,193.169998,190.339996,190.410004,182.792557,1862300,750
2021-02-12,191.050003,191.869995,190.199997,191.429993,183.771698,1821500,751
2021-02-16,191.139999,192.580002,190.149994,190.589996,183.617584,2500300,752
2021-02-17,189.199997,194.220001,189.100006,193.600006,186.517471,3459300,753
2021-02-18,188.270004,191.559998,188,191.410004,184.407578,2983500,754
2021-02-19,191.949997,192.449997,188.360001,188.820007,181.912338,3120100,755
2021-02-22,188.119995,190.410004,187.619995,188.990005,182.076126,2152600,756
2021-02-23,188.089996,188.729996,184.110001,186.360001,179.542313,2828100,757
2021-02-24,186.020004,187.729996,184.300003,187.080002,180.235992,3738400,758
2021-02-25,188.520004,190.300003,184.580002,185.080002,178.309158,4355600,759
2021-02-26,186.149994,186.830002,182.179993,183.440002,176.729172,4340400,760
2021-03-01,185.949997,187.580002,184.850006,186.089996,179.282196,3683500,761
2021-03-02,188.009995,193.580002,172.169998,173.490005,167.143143,22090500,762
2021-03-03,175,176.869995,172.589996,173.610001,167.258759,8285300,763
2021-03-04,172.369995,174.610001,166.830002,169.820007,163.607407,7111700,764
2021-03-05,170.279999,174.979996,167.050003,172.610001,166.295349,6008100,765
2021-03-08,175.270004,178.470001,173.600006,176.869995,170.399506,4558600,766
2021-03-09,178.320007,180.740005,177.199997,179.179993,172.624985,3752400,767
2021-03-10,179.970001,181.630005,178.089996,178.580002,172.046936,3314800,768
2021-03-11,179.149994,180.089996,177.399994,179.320007,172.759872,3045200,769
2021-03-12,179.899994,180.350006,178.559998,180.009995,173.424622,2441900,770
2021-03-15,180.440002,181.789993,178.570007,181.100006,174.474747,3453100,771
2021-03-16,179.960007,180.690002,178.119995,180.210007,173.617325,3437300,772
2021-03-17,179.509995,179.660004,177.869995,178.399994,171.87352,2929300,773
2021-03-18,177.240005,181.149994,176.679993,179.610001,173.039261,2859300,774
2021-03-19,179.889999,188.300003,179.630005,187.550003,180.688797,7745200,775
2021-03-22,187.100006,190.380005,186.740005,188.039993,181.160858,3952200,776
2021-03-23,187.770004,190.789993,187.429993,188.919998,182.008652,2920200,777
2021-03-24,188.910004,189.460007,187.380005,188.279999,181.39209,2489700,778
2021-03-25,188.089996,193.369995,187.669998,192.699997,185.650391,3444700,779
2021-03-26,194.300003,201.229996,194.029999,200.949997,193.598557,6046100,780
2021-03-29,200.089996,201.960007,197.509995,198.210007,190.958832,3231800,781
2021-03-30,198.080002,201.360001,197.610001,199.649994,192.34613,2810800,782
2021-03-31,200.039993,201.330002,198.029999,198.070007,190.823944,3556600,783
2021-04-01,198.139999,201.470001,196.360001,200.720001,193.376984,2730200,784
2021-04-05,202,205.800003,202,205.350006,197.837601,2833000,785
2021-04-06,204.399994,207.380005,202.949997,205.429993,197.914688,2494900,786
2021-04-07,205.75,206,204.080002,204.449997,196.97052,2100400,787
2021-04-08,204.350006,204.809998,202.419998,203.460007,196.016769,3032600,788
2021-04-09,204,205.669998,203.539993,205.360001,197.847214,2900500,789
2021-04-12,205.279999,206.350006,203.479996,205.100006,197.596756,3191300,790
2021-04-13,205.559998,206,203.509995,204.940002,197.442612,2393400,791
2021-04-14,204.279999,206,203.029999,205.710007,198.184448,2171300,792
2021-04-15,206.020004,206.210007,203.529999,205.759995,198.232605,3370300,793
2021-04-16,206,209.490005,205.830002,208.550003,200.920517,4342300,794
2021-04-19,209.490005,210.860001,208.25,208.649994,201.016846,2924500,795
2021-04-20,208.910004,209.490005,206.429993,207.270004,199.687347,2089800,796
2021-04-21,207.240005,208.410004,206.300003,206.770004,199.205658,2836900,797
2021-04-22,207.279999,207.649994,203.639999,205.570007,198.049561,2499300,798
2021-04-23,205.940002,206.800003,203.919998,206.009995,198.473434,2444600,799
2021-04-26,205.860001,206.020004,202.850006,203.630005,196.180527,2675700,800
2021-04-27,204.220001,205.330002,203.309998,204.360001,196.883804,2260000,801
2021-04-28,203.929993,205.25,203.440002,204.460007,196.980148,1598800,802
2021-04-29,206.119995,208.410004,205.770004,207.380005,199.793335,1884900,803
2021-04-30,206.210007,208.149994,205.979996,207.259995,199.677734,1802000,804
2021-05-03,209.179993,212.820007,208.820007,211.279999,203.550674,2249700,805
2021-05-04,209.610001,211.839996,209.100006,211.610001,203.868591,2203300,806
2021-05-05,212.649994,213.660004,211.679993,212.410004,204.639328,2509000,807
2021-05-06,213.660004,213.919998,211.940002,213,205.207733,2226000,808
2021-05-07,213.289993,215.389999,212.809998,214.710007,206.855179,2298500,809
2021-05-10,215.509995,217.389999,213.720001,214.029999,206.200043,3092700,810
2021-05-11,212.520004,212.759995,206.949997,209.240005,201.585281,3297100,811
2021-05-12,207.960007,208.679993,202.759995,202.960007,195.535049,3857300,812
2021-05-13,204.220001,210.130005,203.889999,208.610001,200.978348,3132300,813
2021-05-14,210.210007,212.259995,209.429993,211.160004,203.435074,2650300,814
2021-05-17,212.839996,213.639999,209.360001,210.020004,202.336792,2583700,815
2021-05-18,211.210007,211.679993,206.210007,206.429993,199.524094,4794900,816
2021-05-19,210.309998,219.820007,209.800003,219.009995,211.683273,13378700,817
2021-05-20,218.279999,222.800003,217.070007,221.789993,214.370255,7086300,818
2021-05-21,222.210007,227.080002,221.860001,225.089996,217.55986,5084800,819
2021-05-24,226.339996,228.5,225.330002,225.410004,217.869141,3821000,820
2021-05-25,225.550003,227.270004,223.259995,225.300003,217.762848,4103000,821
2021-05-26,226.169998,227.949997,225.990005,227.110001,219.512299,3186800,822
2021-05-27,227.929993,228.839996,226.050003,227.369995,219.76358,6623100,823
2021-05-28,228,228.350006,226.179993,226.919998,219.328644,2632400,824
2021-06-01,227.559998,228.789993,226.050003,227.270004,219.666931,3426400,825
2021-06-02,226.410004,229.139999,226.149994,228.380005,220.739807,3331400,826
2021-06-03,228.339996,230.229996,227.009995,229.179993,221.513031,3155400,827
2021-06-04,230.199997,231.610001,228.710007,231.339996,223.600754,3085100,828
2021-06-07,231.5,232.660004,230.389999,230.889999,223.165833,2221700,829
2021-06-08,234.270004,236.360001,232.550003,235.100006,227.234985,3441700,830
2021-06-09,234.600006,236.800003,231.889999,231.940002,224.180695,3372900,831
2021-06-10,231.660004,233.699997,231.399994,231.660004,223.910049,2579400,832
2021-06-11,231.789993,232.979996,231.789993,232.940002,225.147263,2510200,833
2021-06-14,233.160004,233.5,231.550003,233.070007,225.272888,2904200,834
2021-06-15,233.009995,233.009995,230.75,232.570007,224.789642,2518000,835
2021-06-16,232.699997,233,229.559998,231.259995,223.523422,2767600,836
2021-06-17,230.550003,232.929993,229.830002,231.220001,223.484787,2826600,837
2021-06-18,229.860001,231.369995,228.009995,230.529999,222.817886,4481400,838
2021-06-21,231.410004,234.039993,231.25,233.770004,225.949478,3049700,839
2021-06-22,234.490005,237.860001,233.880005,237.210007,229.274414,2901400,840
2021-06-23,236.869995,237.970001,235.839996,237.309998,229.371048,2246400,841
2021-06-24,239.440002,239.869995,238.320007,239.839996,231.816406,2141900,842
2021-06-25,240.009995,241.740005,239.789993,240.550003,232.502655,5987500,843
2021-06-28,240.899994,242.240005,239.779999,241.259995,233.188904,2062900,844
2021-06-29,241.259995,243.460007,241.009995,241.850006,233.759155,2089600,845
2021-06-30,241.789993,242.949997,240.800003,241.740005,233.652832,2773200,846
2021-07-01,241.960007,243.529999,241.130005,243.470001,235.324982,2125300,847
2021-07-02,244.5,246.979996,244.210007,246.580002,238.330948,2178900,848
2021-07-06,246.5,247.339996,242.949997,245.449997,237.238724,2305000,849
2021-07-07,245.610001,248.399994,245.529999,247.550003,239.268478,2035800,850
2021-07-08,245.320007,248.960007,245.050003,248.580002,240.264038,2292700,851
2021-07-09,248.679993,250.75,247.380005,248.580002,240.264038,2702500,852
2021-07-12,249.5,252.470001,249.119995,252.240005,243.80159,3056900,853
2021-07-13,250.5,253.440002,250.5,251.75,243.327972,2392900,854
2021-07-14,252.600006,254.050003,251.610001,253.630005,245.145081,2578700,855
2021-07-15,253.699997,254.529999,252.029999,252.929993,244.468506,2646200,856
2021-07-16,253.899994,254.050003,250.860001,251.149994,242.748062,3415900,857
2021-07-19,249.779999,251.820007,248.539993,251.119995,242.71907,3187300,858
2021-07-20,251.100006,256.380005,249.690002,254.710007,246.188965,2805200,859
2021-07-21,255.25,256.429993,254.300003,256.049988,247.484131,2262500,860
2021-07-22,257.399994,257.790009,254.979996,257.01001,248.412033,2472200,861
2021-07-23,257.779999,261.109985,257.529999,261.029999,252.297531,2016900,862
2021-07-26,260.880005,262.380005,259.089996,260.859985,252.133194,2338000,863
2021-07-27,260,260.26001,255.690002,258.359985,249.716858,3036100,864
2021-07-28,257.290009,258.859985,256.380005,257.420013,248.808319,2810500,865
2021-07-29,258.190002,261.839996,257.380005,261.660004,252.906479,3055000,866
2021-07-30,260.73999,263.459991,258.730011,261.049988,252.316833,2806600,867
2021-08-02,262.079987,262.309998,254.800003,257.23999,248.634308,3174900,868
2021-08-03,258.109985,263.299988,257.959991,262.200012,253.428406,2545000,869
2021-08-04,261.200012,262.890015,260.23999,260.529999,251.814285,2397200,870
2021-08-05,261.769989,262.709991,259.980011,261.399994,252.655121,2202900,871
2021-08-06,261.929993,262.98999,259.339996,260.089996,251.388947,2441900,872
2021-08-09,260.100006,262.790009,260.079987,262.410004,253.631393,2508800,873
2021-08-10,262.970001,265.75,262.01001,264.070007,255.235809,3369800,874
2021-08-11,264.549988,267.059998,262.450012,263.01001,254.211273,2939000,875
2021-08-12,263.950012,264.600006,261.049988,261.880005,253.11908,2266400,876
2021-08-13,262.690002,263.700012,260.619995,261.540009,252.790482,3070400,877
2021-08-16,260.089996,263.48999,256.75,263.149994,254.346603,3397400,878
2021-08-17,260.450012,260.450012,252.050003,254.649994,246.975632,6620500,879
2021-08-18,248.990005,255.789993,246.25,247.580002,240.118713,8908000,880
2021-08-19,244.529999,249.529999,244.399994,245.410004,238.01413,5067600,881
2021-08-20,246.669998,253.979996,246.619995,253.399994,245.763336,4146100,882
2021-08-23,254.259995,255.220001,252.339996,252.529999,244.91954,2952900,883
2021-08-24,253.5,253.5,250.279999,250.649994,243.096191,2466600,884
2021-08-25,250.5,252.259995,249.410004,251.149994,243.581131,2438100,885
2021-08-26,250.429993,250.509995,247.300003,248.960007,241.457138,2919900,886
2021-08-27,248.149994,250.470001,247.679993,249.179993,241.670486,2661100,887
2021-08-30,249.210007,251.380005,249.149994,249.360001,241.845078,2092700,888
2021-08-31,249.149994,249.600006,245.419998,246.979996,239.536789,3966000,889
2021-09-01,247,247.550003,244.259995,246.369995,238.945175,2862700,890
2021-09-02,246.330002,246.960007,245.149994,245.809998,238.402054,2523300,891
2021-09-03,245.089996,245.179993,243,244.309998,236.947266,3351700,892
2021-09-07,243.919998,244.589996,241.589996,242.720001,235.405197,2725200,893
2021-09-08,242.729996,246.190002,242.389999,246.110001,238.693024,2843300,894
2021-09-09,245.970001,247.320007,244.619995,245.440002,238.043198,2474600,895
2021-09-10,247.210007,247.699997,244.190002,244.539993,237.170319,1945600,896
2021-09-13,245.5,246.25,241.600006,243.100006,235.773743,2872000,897
2021-09-14,243.389999,244.410004,241.779999,242.240005,234.939651,1905800,898
2021-09-15,242.330002,244.860001,241.800003,244.139999,236.782379,1953000,899
2021-09-16,245.229996,247.5,244.75,246.949997,239.507706,2171400,900
2021-09-17,245.449997,248.529999,245.449997,246.669998,239.236145,3735900,901
2021-09-20,243.479996,246.169998,239.559998,242.139999,234.842636,3329100,902
2021-09-21,242.839996,245.059998,241.240005,241.309998,234.037674,1960300,903
2021-09-22,242.369995,243.380005,239.720001,241.770004,234.48381,2285900,904
2021-09-23,243.5,245.169998,242.440002,242.669998,235.356689,2038600,905
2021-09-24,241.330002,242.809998,240.380005,241.440002,234.163773,1901400,906
2021-09-27,240.25,242.339996,237.869995,238.580002,231.389954,2588400,907
2021-09-28,236.899994,237.360001,232.860001,233.440002,226.404861,3173900,908
2021-09-29,234.570007,237.619995,233.809998,235.850006,228.742218,2655500,909
2021-09-30,235.880005,235.880005,228.130005,228.770004,221.87558,5425400,910
2021-10-01,229.25,229.490005,223.850006,228.419998,221.536148,3476400,911
2021-10-04,227.929993,229,222.880005,225.889999,219.082397,3816400,912
2021-10-05,227.059998,229.509995,225.660004,227.559998,220.702072,2407300,913
2021-10-06,226.149994,227.539993,224.779999,226.830002,219.994064,2789100,914
2021-10-07,228.550003,231.5,228.399994,229.820007,222.893951,2352000,915
2021-10-08,230.050003,231.720001,228.320007,228.899994,222.001663,2004900,916
2021-10-11,228.570007,231.25,228.339996,228.720001,221.827103,1998600,917
2021-10-12,230,231.399994,228.5,230.240005,223.3013,2167400,918
2021-10-13,231.5,236.770004,230.520004,236.75,229.615097,3984700,919
2021-10-14,238.800003,243.800003,236.229996,242.089996,234.794159,4281700,920
2021-10-15,243.300003,247.350006,242.149994,245.710007,238.305084,3626900,921
2021-10-18,244.949997,253.740005,244.539993,253.649994,246.005783,4365800,922
2021-10-19,254.529999,256.950012,251.800003,252.190002,244.589798,3204800,923
2021-10-20,254.309998,254.740005,251.309998,251.830002,244.240646,2209300,924
2021-10-21,251.619995,254.240005,251.399994,254.210007,246.54892,1758400,925
2021-10-22,255.479996,257.410004,254.589996,255.929993,248.217072,2205700,926
2021-10-25,256.820007,261,256.100006,260.350006,252.503891,2488400,927
2021-10-26,261.399994,261.51001,257.51001,258.730011,250.932678,2439700,928
2021-10-27,258.940002,259.390015,255.720001,256.540009,248.808685,2269700,929
2021-10-28,258.26001,260.149994,257.529999,258.220001,250.438049,1735200,930
2021-10-29,256.51001,259.779999,256.51001,259.619995,251.795853,2417800,931
2021-11-01,261.549988,261.799988,257.48999,257.920013,250.14711,1718100,932
2021-11-02,259.029999,261.200012,258.540009,260.26001,252.416626,2228000,933
2021-11-03,258.700012,260.649994,256.720001,260.410004,252.562057,2397300,934
2021-11-04,260.660004,262.51001,259.420013,260.440002,252.591141,3031000,935
2021-11-05,261,261.23999,252.809998,254.270004,246.607101,4060300,936
2021-11-08,253.25,256.100006,252.029999,253.330002,245.695419,2523100,937
2021-11-09,252.779999,255.419998,252.570007,255.160004,247.470276,2346800,938
2021-11-10,254.029999,256,252.649994,254.050003,246.393738,2093100,939
2021-11-11,254.270004,256.579987,253.699997,256.01001,248.294693,2199400,940
2021-11-12,257.380005,261.869995,256.679993,260.019989,252.183807,2497600,941
2021-11-15,262.790009,268.980011,261.399994,264.329987,256.363892,4852400,942
2021-11-16,263,267.529999,262.73999,266.390015,259.244568,4355800,943
2021-11-17,253.990005,257.170013,251.470001,253.800003,246.992249,11855900,944
2021-11-18,256.089996,256.640015,249.649994,252.050003,245.289185,5786300,945
2021-11-19,251.100006,253.880005,250.410004,250.699997,243.975372,3960900,946
2021-11-22,251.429993,251.679993,241.210007,244.570007,238.009827,5568900,947
2021-11-23,245.649994,249.720001,243.429993,249.179993,242.496155,4053400,948
2021-11-24,247.899994,249.619995,246.119995,248.759995,242.087433,3052000,949
2021-11-26,248.690002,251.460007,245.779999,246.570007,239.956177,3180900,950
2021-11-29,248.539993,251.580002,247.009995,249.160004,242.4767,3027600,951
2021-11-30,246.360001,246.990005,242.240005,243.839996,237.299408,7907900,952
2021-12-01,245.679993,248.399994,240.229996,240.389999,233.941956,3851600,953
2021-12-02,241.889999,246.619995,241.389999,245.5,238.914886,3684000,954
2021-12-03,246.729996,248.410004,245.309998,247.570007,240.929367,4838700,955
2021-12-06,248.460007,248.850006,242.320007,242.970001,236.452744,3772600,956
2021-12-07,244.630005,246.229996,243.669998,245.630005,239.041397,3565900,957
2021-12-08,246.740005,247.330002,238.199997,239.600006,233.173126,4929400,958
2021-12-09,239.110001,239.699997,235.830002,237.559998,231.187836,2762200,959
2021-12-10,237.160004,239.75,236.690002,238.179993,231.791199,2487200,960
2021-12-13,237.919998,238.520004,232.399994,234.169998,227.888779,3783500,961
2021-12-14,230.910004,236.160004,230.910004,235.279999,228.969009,3364800,962
2021-12-15,233.600006,236.820007,231.550003,236.649994,230.302261,3433500,963
2021-12-16,235.960007,236.649994,224.490005,224.779999,218.750641,7302100,964
2021-12-17,224.830002,226.289993,221.470001,223.309998,217.320068,5832300,965
2021-12-20,221.029999,221.5,214.600006,219.190002,213.310608,5233200,966
2021-12-21,219.880005,220.779999,216.479996,220.070007,214.167007,3975700,967
2021-12-22,219.800003,221.279999,217,217.740005,211.899506,4182600,968
2021-12-23,218.550003,222.139999,218.289993,221.009995,215.081772,3345300,969
2021-12-27,222.100006,224.690002,220.860001,224.100006,218.088913,4335600,970
2021-12-28,224.449997,227.5,223.639999,224.910004,218.877167,3202400,971
2021-12-29,225.369995,229.570007,225.369995,227.919998,221.806427,3065800,972
2021-12-30,228.800003,233.869995,228.800003,231.910004,225.689423,4007400,973
2021-12-31,232.770004,233.619995,229.220001,231.440002,225.23201,2485100,974
2022-01-03,231.070007,232.279999,228.759995,231.949997,225.728317,3018000,975
2022-01-04,232.009995,235.639999,231.570007,234.169998,227.888779,3327600,976
2022-01-05,234.809998,236.330002,228.770004,228.860001,222.721207,3885800,977
2022-01-06,222.740005,232.660004,222.740005,231.350006,225.14444,4193200,978
2022-01-07,230.179993,233.199997,229.100006,230.779999,224.589706,3052900,979
2022-01-10,228.529999,228.639999,223.020004,227.419998,221.319824,4858100,980
2022-01-11,228.089996,228.710007,224,227.550003,221.44635,3048900,981
2022-01-12,228.190002,230.139999,224.100006,224.470001,218.448959,4233300,982
2022-01-13,225.279999,226.800003,223.75,225.830002,219.772507,3459000,983
2022-01-14,222.419998,224.300003,218.389999,221.399994,215.461319,5282600,984
2022-01-18,218.779999,220.949997,217.279999,220.009995,214.108597,4652500,985
2022-01-19,221.75,228.300003,220.639999,223.839996,217.835861,4091200,986
2022-01-20,225.020004,229.309998,221.139999,221.720001,215.772736,4307900,987
2022-01-21,220,220.889999,214.220001,217.25,211.422623,7859300,988
2022-01-24,215.389999,221.029999,211.919998,220.580002,214.66333,5617700,989
2022-01-25,218.360001,218.679993,212.910004,214.679993,208.921555,4929100,990
2022-01-26,215.619995,217.169998,210.380005,211.710007,206.031235,4207500,991
2022-01-27,215.330002,217.320007,211.389999,212.179993,206.488617,4004300,992
2022-01-28,214.289993,217.789993,210.520004,217.669998,211.83136,2906200,993
2022-01-31,216.910004,220.729996,216.330002,220.429993,214.517334,4151100,994
2022-02-01,221.990005,222.520004,216.330002,219.229996,213.349503,4117400,995
2022-02-02,218.259995,220.089996,215.330002,217.610001,211.77298,4588500,996
2022-02-03,214.25,218.320007,212.570007,213.220001,207.500717,6357800,997
2022-02-04,214.119995,215.5,210.539993,214.039993,208.298721,3754700,998
2022-02-07,214.729996,215.160004,210.300003,211.289993,205.622482,4402800,999
2022-02-08,211.080002,214.660004,210.649994,212.949997,207.237976,2926600,1000
2022-02-09,214.990005,217.179993,214.050003,216.639999,210.828979,2562700,1001
2022-02-10,214.380005,217.5,212.710007,213.839996,208.104111,3038100,1002
2022-02-11,214.160004,214.75,210.789993,211.559998,205.885269,2852400,1003
2022-02-14,211.190002,211.5,205.710007,208.570007,202.975464,4066700,1004
2022-02-15,209.320007,209.320007,205.800003,207.179993,202.496536,4739300,1005
2022-02-16,206.880005,208.850006,204.800003,207.809998,203.112289,3340600,1006
2022-02-17,206.589996,206.949997,203.869995,204,199.388428,3865900,1007
2022-02-18,204.520004,206.630005,203.479996,204.389999,199.769592,3321700,1008
2022-02-22,202.630005,203.179993,194.5,196.350006,191.911346,5621300,1009
2022-02-23,196.899994,197.869995,189.610001,189.899994,185.607147,4471300,1010
2022-02-24,184.490005,191.759995,184,191.550003,187.219879,3917700,1011
2022-02-25,191.509995,199.5,191.320007,199.220001,194.716476,4098500,1012
2022-02-28,197.360001,201.179993,195.839996,199.770004,195.254044,6192200,1013
2022-03-01,226.830002,227.100006,218.550003,219.429993,214.469604,15776100,1014
2022-03-02,222,226.119995,218.660004,224.899994,219.815933,6357700,1015
2022-03-03,226.119995,229.190002,222.369995,223.839996,218.779907,4604600,1016
2022-03-04,222.729996,225.089996,221.639999,224.100006,219.034058,3996100,1017
2022-03-07,224.100006,224.610001,210.570007,211.039993,206.269272,5743400,1018
2022-03-08,211.229996,213.910004,206.699997,208.809998,204.089676,4463200,1019
2022-03-09,213.720001,218.419998,213.440002,216,211.117142,3183200,1020
2022-03-10,213.600006,215.479996,210.080002,214.779999,209.924728,3155300,1021
2022-03-11,215.660004,216.529999,206.800003,206.970001,202.291275,4042600,1022
2022-03-14,208.210007,210.910004,204.949997,208.759995,204.040802,3168500,1023
2022-03-15,210.509995,216.199997,210.509995,215.350006,210.481842,2866700,1024
2022-03-16,216.929993,218.699997,211.740005,215.589996,210.716415,3029800,1025
2022-03-17,215,220.899994,214.479996,220.630005,215.642487,3655400,1026
2022-03-18,218.889999,226.139999,218.080002,226.050003,220.939972,6544800,1027
2022-03-21,226.029999,228.460007,221.320007,223,217.958893,3023500,1028
2022-03-22,223.710007,224.630005,221.75,222.770004,217.7341,2464000,1029
2022-03-23,222.270004,222.729996,215.940002,216.720001,211.820877,2993500,1030
2022-03-24,217.029999,218.710007,216.160004,217.039993,212.133636,2240400,1031
2022-03-25,218.050003,219.929993,216.330002,218.610001,213.668152,2465700,1032
2022-03-28,218.059998,219.520004,216.449997,219.520004,214.557571,2212000,1033
2022-03-29,222,224.570007,220.199997,222.929993,217.890488,3072200,1034
2022-03-30,221.669998,223.690002,220.630005,221.960007,216.942429,2464900,1035
2022-03-31,218.330002,220.199997,212.059998,212.220001,207.422577,4615500,1036
2022-04-01,213.320007,214.130005,209.610001,210.539993,205.780579,3217100,1037
2022-04-04,210.190002,214.610001,206.190002,214.410004,209.563095,3167000,1038
2022-04-05,213.490005,218.369995,213.179993,214.789993,209.934509,2538500,1039
2022-04-06,211.669998,217.089996,211,215.940002,211.058502,3678500,1040
2022-04-07,219,229.809998,218.429993,228.190002,223.031601,7938100,1041
2022-04-08,233,236.070007,230.619995,233.339996,228.06517,6631200,1042
2022-04-11,233.259995,235.960007,228.910004,229.309998,224.126251,3172200,1043
2022-04-12,232.300003,235.410004,230.389999,231.339996,226.110367,3366600,1044
2022-04-13,230.300003,235.190002,229.509995,233.820007,228.534317,2451300,1045
2022-04-14,233.910004,238.190002,233.110001,237.199997,231.837906,3909700,1046
2022-04-18,235.539993,241.259995,235.080002,239.389999,233.978394,3341800,1047
2022-04-19,240.309998,247.199997,239.470001,246.050003,240.487839,4715700,1048
2022-04-20,248.619995,250.970001,246.440002,249.320007,243.683929,3735500,1049
2022-04-21,250.850006,254.869995,247.610001,248.169998,242.559937,3967700,1050
2022-04-22,246.550003,247.199997,241.429993,241.679993,236.216614,3431300,1051
2022-04-25,239.990005,242.919998,238.270004,241.660004,236.197067,3265100,1052
2022-04-26,239.559998,242.5,236.410004,236.5,231.153732,2915500,1053
2022-04-27,236.449997,237.529999,230.470001,230.970001,225.748749,2995300,1054
2022-04-28,234.429993,237.619995,230.779999,236.389999,231.046204,2317800,1055
2022-04-29,234.490005,235.830002,228.210007,228.649994,223.481171,3220700,1056
2022-05-02,230.149994,233,225.160004,229.779999,224.585632,3049000,1057
2022-05-03,231.039993,234.490005,229.5,232.539993,227.283234,3027600,1058
2022-05-04,231.850006,238.589996,229.139999,237.429993,232.062683,3256300,1059
2022-05-05,235.610001,235.860001,228.300003,230.759995,225.543472,3466500,1060
2022-05-06,225.850006,229.660004,222.649994,225.210007,220.118973,3683300,1061
2022-05-09,223.199997,228.179993,222.320007,224.199997,219.13176,4672300,1062
2022-05-10,226.589996,228.75,216.690002,219.110001,214.156845,3748000,1063
2022-05-11,219.399994,220.919998,212.380005,213.490005,208.663895,3193600,1064
2022-05-12,213.360001,220.820007,213.059998,217.270004,212.358444,3547400,1065
2022-05-13,219.990005,223.300003,217.809998,219.729996,214.762833,3146700,1066
2022-05-16,220.110001,221.649994,216.270004,219.25,214.293671,3345600,1067
2022-05-17,210.630005,215.580002,209.130005,215.279999,211.280716,6641600,1068
2022-05-18,163.070007,168,155.199997,161.610001,158.607742,50936800,1069
2022-05-19,161.270004,161.429993,151.279999,153.429993,150.579712,23319000,1070
2022-05-20,153.619995,155.800003,150.889999,155.360001,152.473846,12300200,1071
2022-05-23,154.990005,156.110001,153.279999,153.899994,151.04097,7700100,1072
2022-05-24,151.580002,152.089996,145.509995,149.949997,147.164368,10936600,1073
2022-05-25,150.240005,156.979996,149.520004,156.419998,153.51416,8107700,1074
2022-05-26,157.979996,163.330002,157.850006,163.199997,160.168213,7369700,1075
2022-05-27,163.240005,167.199997,163.199997,167.139999,164.035004,6315500,1076
2022-05-31,166.509995,166.789993,161.429993,161.880005,158.872742,8942100,1077
2022-06-01,161.880005,163.160004,156.479996,156.520004,153.61232,4480900,1078
2022-06-02,156.559998,161.059998,156.080002,160.910004,157.920761,4366000,1079
2022-06-03,159.190002,162.860001,159,161.039993,158.048325,4187700,1080
2022-06-06,161.399994,162.050003,158.75,159.669998,156.703781,3772300,1081
2022-06-07,148,157.949997,147.149994,155.979996,153.082336,33299700,1082
2022-06-08,154.429993,159.630005,153.350006,156.699997,153.788956,6576000,1083
2022-06-09,156.75,158.289993,154.490005,154.550003,151.678909,5744300,1084
2022-06-10,151.509995,152.720001,149.630005,149.669998,146.889557,5099600,1085
2022-06-13,146.529999,147.389999,143.869995,144.809998,142.119843,5886000,1086
2022-06-14,144.880005,146.429993,141.289993,142.699997,140.049026,5200800,1087
2022-06-15,142.520004,149.270004,142.110001,147.440002,144.700989,6353100,1088
2022-06-16,144.919998,147.080002,142.009995,142.889999,140.235519,5630300,1089
2022-06-17,141.080002,141.800003,138.580002,139.300003,136.712204,10928100,1090
2022-06-21,141.550003,145.699997,140.850006,144.699997,142.011902,6555500,1091
2022-06-22,143.190002,144.320007,140.240005,140.809998,138.194153,4639700,1092
2022-06-23,141.820007,147.300003,140.830002,146.809998,144.082687,5211100,1093
2022-06-24,147.169998,151,146.479996,150.419998,147.625626,6993100,1094
2022-06-27,151.160004,151.929993,148.029999,149.610001,146.830688,3607200,1095
2022-06-28,150.440002,151.309998,144.330002,144.520004,141.835236,4131800,1096
2022-06-29,144.210007,144.490005,141.320007,141.899994,139.263885,4238900,1097
2022-06-30,140.179993,143.229996,137.160004,141.229996,138.606354,5899900,1098
2022-07-01,140.759995,142.5,139.5,142.380005,139.735001,3010200,1099
2022-07-05,141.410004,146.059998,139.300003,145.710007,143.003128,3715100,1100
2022-07-06,145.460007,146.080002,143.029999,144.809998,142.119843,2828500,1101
2022-07-07,145.779999,150.130005,145.240005,149.960007,147.174194,3959500,1102
2022-07-08,149.889999,150.029999,147.460007,147.990005,145.240768,2544900,1103
2022-07-11,147.990005,148.710007,145.789993,146.389999,143.670502,2050800,1104
2022-07-12,146.660004,149.660004,143.600006,144.559998,141.874481,3132800,1105
2022-07-13,142.660004,147.330002,142.229996,145.440002,142.738144,2769000,1106
2022-07-14,143.539993,146.550003,142.919998,146.289993,143.572342,2976000,1107
2022-07-15,147.919998,148.679993,145.850006,146.669998,143.945282,3831500,1108
2022-07-18,148.550003,152.779999,147.779999,149.360001,146.585327,4362700,1109
2022-07-19,151.350006,153.539993,149.759995,153.360001,150.511002,3155900,1110
2022-07-20,153.800003,156.610001,152.210007,156.5,153.592682,3248100,1111
2022-07-21,156.479996,158.75,154.990005,158.660004,155.712555,3105200,1112
2022-07-22,159.350006,160.789993,156.630005,157.740005,154.809662,2779800,1113
2022-07-25,158.399994,158.479996,156.610001,157.490005,154.564301,2328000,1114
2022-07-26,149.729996,152.619995,149.5,151.809998,148.989792,4620000,1115
2022-07-27,153,155.839996,150.800003,154.600006,151.727982,3609300,1116
2022-07-28,155.100006,160.059998,154.669998,159.419998,156.45842,3114000,1117
2022-07-29,160,164.039993,158.529999,163.380005,160.344864,5523000,1118
2022-08-01,168.639999,169.110001,165.350006,165.550003,162.474548,4534700,1119
2022-08-02,164.520004,166.330002,163.289993,163.479996,160.442993,3109400,1120
2022-08-03,164.380005,169.649994,164.380005,167.919998,164.800522,4057000,1121
2022-08-04,167.630005,168.5,165.729996,166.559998,163.46579,3157600,1122
2022-08-05,165.050003,166.899994,164.399994,166.130005,163.043777,2205400,1123
2022-08-08,166.660004,170.990005,166.429993,166.970001,163.868164,2806400,1124
2022-08-09,165.770004,166.080002,163.910004,165.119995,162.052536,2608600,1125
2022-08-10,169.039993,172.929993,167.75,169.669998,166.518021,4539900,1126
2022-08-11,171.070007,172.990005,168.880005,169.600006,166.44931,4278800,1127
2022-08-12,171.070007,172.490005,170.050003,172.479996,169.275803,2357300,1128
2022-08-15,171.830002,174.160004,170.199997,173.389999,170.168915,3788600,1129
2022-08-16,177.110001,183.889999,175.559998,180.190002,177.951004,9057600,1130
2022-08-17,174.160004,177.990005,170.830002,175.339996,173.161255,13409000,1131
2022-08-18,173.979996,175.139999,171.580002,173.050003,170.899719,4241300,1132
2022-08-19,171.830002,171.919998,166.789993,167.039993,164.964386,5015800,1133
2022-08-22,165.070007,165.979996,161.360001,161.960007,159.947525,4630100,1134
2022-08-23,161.940002,162.820007,160.149994,161.970001,159.957397,3795100,1135
2022-08-24,162.070007,164.539993,159.720001,163.130005,161.102982,3407100,1136
2022-08-25,162.630005,167.550003,161.600006,167.5,165.418686,3071400,1137
2022-08-26,168.009995,168.119995,160.600006,160.619995,158.624161,3607600,1138
2022-08-29,159.25,160.449997,158.160004,158.690002,156.718155,2531100,1139
2022-08-30,158.699997,161.089996,157.179993,160.779999,158.782181,3249700,1140
2022-08-31,161.25,161.309998,158.259995,160.339996,158.347641,4901300,1141
2022-09-01,159.289993,164.899994,158.100006,164.839996,162.791733,4021400,1142
2022-09-02,165.509995,166.339996,163.289993,164.600006,162.554718,3563200,1143
2022-09-06,164.509995,164.789993,159.330002,163.580002,161.547394,4530300,1144
2022-09-07,163.220001,171.720001,162.779999,170.789993,168.667786,5206400,1145
2022-09-08,169.070007,172.210007,168.720001,171.899994,169.763992,2817100,1146
2022-09-09,171.75,174.570007,171.539993,173.649994,171.492249,3379500,1147
2022-09-12,175.110001,176.130005,173.139999,173.850006,171.689789,3024600,1148
2022-09-13,170.050003,171.75,165.690002,166.240005,164.174332,3585400,1149
2022-09-14,167.860001,168.880005,163.399994,165.380005,163.325027,3618800,1150
2022-09-15,165.449997,168.990005,164.699997,165.009995,162.959625,2909300,1151
2022-09-16,162.729996,165.639999,161.710007,164.089996,162.051041,4843500,1152
2022-09-19,163,165.089996,162.029999,164.759995,162.712723,2607200,1153
2022-09-20,163.300003,163.75,158.220001,160.029999,158.041489,3019600,1154
2022-09-21,161,163.820007,159.029999,159.029999,157.053925,2809500,1155
2022-09-22,158.240005,158.429993,152.639999,152.960007,151.059357,3984700,1156
2022-09-23,151.949997,152.779999,149.710007,152.610001,150.713699,3796600,1157
2022-09-26,151.559998,152.509995,147.369995,148.710007,146.862167,3967800,1158
2022-09-27,150.470001,152.259995,146.860001,148.470001,146.625137,2941400,1159
2022-09-28,149.539993,156.949997,149.309998,155.869995,153.933182,4254000,1160
2022-09-29,154.199997,154.75,150.899994,151.789993,149.90387,3170400,1161
2022-09-30,151.589996,152.229996,145.5,148.389999,146.546143,4328300,1162
2022-10-03,149.669998,152.619995,148.389999,151.789993,149.90387,2847500,1163
2022-10-04,154.699997,158.289993,154.339996,156.960007,155.009659,3028600,1164
2022-10-05,155,157.550003,153.410004,156.410004,154.466492,2491700,1165
2022-10-06,157.460007,159,155.479996,155.75,153.814682,2603400,1166
2022-10-07,154.339996,154.520004,150.720001,152.339996,150.447052,2771900,1167
2022-10-10,152.979996,153.880005,150.479996,153.100006,151.197617,2055800,1168
2022-10-11,153.5,157.720001,152.710007,154.5,152.580215,2408100,1169
2022-10-12,154.740005,157,154.039993,154.160004,152.244446,2265100,1170
2022-10-13,151.210007,156.059998,148.869995,154.119995,152.204926,3393900,1171
2022-10-14,154.479996,155.190002,145.190002,145.690002,143.879684,4762800,1172
2022-10-17,147.740005,151,146.679993,149.25,147.395462,3177400,1173
2022-10-18,155.529999,161.130005,155.009995,157.229996,155.276291,5563400,1174
2022-10-19,157.190002,158.190002,154.130005,155.389999,153.459152,2611500,1175
2022-10-20,155.979996,159.160004,153.419998,154.399994,152.481461,3079800,1176
2022-10-21,154.539993,159.259995,154.300003,159.190002,157.211929,3508300,1177
2022-10-24,160.300003,162.899994,159.630005,161.820007,159.809265,2974100,1178
2022-10-25,162.800003,166.309998,161.990005,165.800003,163.739807,4177900,1179
2022-10-26,167.839996,170.75,165.320007,166.770004,164.697754,3453500,1180
2022-10-27,168.220001,170.300003,166.800003,166.899994,164.826126,2957400,1181
2022-10-28,166.259995,167.940002,163.039993,167.520004,165.438446,3066800,1182
2022-10-31,166,167.360001,164.020004,164.25,162.209061,3792500,1183
2022-11-01,166.440002,166.979996,162.570007,164.589996,162.54483,3051000,1184
2022-11-02,164.580002,165.889999,160.080002,160.199997,158.209381,3377900,1185
2022-11-03,157.979996,160.789993,157.75,159.800003,157.814362,3041600,1186
2022-11-04,162.410004,162.75,156.259995,159.630005,157.646484,2653500,1187
2022-11-07,161.240005,161.410004,158,159.869995,157.883484,2424100,1188
2022-11-08,161.320007,164.660004,159.809998,161.619995,159.61174,3284600,1189
2022-11-09,161.080002,161.589996,152.5,152.990005,151.088974,4018400,1190
2022-11-10,158.940002,164.550003,158.389999,164.380005,162.337448,4962900,1191
2022-11-11,165.119995,174.830002,164.949997,173.320007,171.166367,5828300,1192
2022-11-14,172.639999,176.800003,172.350006,173.259995,171.107101,5753800,1193
2022-11-15,177,180.460007,176.899994,178.979996,177.864731,8606000,1194
2022-11-16,149.850006,158.490005,148.75,155.470001,154.501236,36731500,1195
2022-11-17,153.479996,162.179993,152.720001,162.009995,161.000473,11300500,1196
2022-11-18,161.979996,164.699997,160,162.880005,161.865067,7280900,1197
2022-11-21,161.080002,161.929993,156.770004,158.020004,157.035339,5964700,1198
2022-11-22,158.789993,159.910004,155.75,157.860001,156.876343,6364100,1199
2022-11-23,158.479996,164.139999,158.25,163.410004,162.391754,4833500,1200
2022-11-25,163.5,163.960007,161.600006,163.380005,162.361938,1883000,1201
2022-11-28,162.809998,166.889999,162.809998,165.369995,164.339539,4624100,1202
2022-11-29,164.429993,166.970001,161.509995,166.369995,165.333298,5231700,1203
2022-11-30,165.880005,167.229996,162.740005,167.070007,166.028946,11376700,1204
2022-12-01,166.470001,167.429993,163.050003,165.029999,164.001663,4989200,1205
2022-12-02,163.309998,164.860001,162.449997,164.160004,163.137085,3442900,1206
2022-12-05,162.889999,162.889999,154.789993,154.929993,153.964584,6233200,1207
2022-12-06,155.820007,156.679993,153.279999,155.050003,154.083847,4721800,1208
2022-12-07,153.5,155.690002,153.389999,153.759995,152.80188,3685200,1209
2022-12-08,154.039993,155.259995,153.169998,154.210007,153.249084,3107100,1210
2022-12-09,153.410004,154.720001,152.119995,152.279999,151.3311,2905900,1211
2022-12-12,150.5,150.679993,148.429993,150.029999,149.095123,4433800,1212
2022-12-13,153.199997,154.100006,149.699997,150.869995,149.929886,4178900,1213
2022-12-14,150.5,154.649994,150.139999,152.509995,151.559662,3749100,1214
2022-12-15,149.860001,150,145.320007,147.600006,146.680267,5415500,1215
2022-12-16,146.050003,147.660004,145.550003,146.449997,145.53743,8367000,1216
2022-12-19,146.600006,147,143.559998,144.649994,143.748642,4186700,1217
2022-12-20,142.899994,143.960007,142.449997,143.25,142.357376,3175400,1218
2022-12-21,142.259995,144.190002,141.970001,142.300003,141.4133,3510200,1219
2022-12-22,141.5,141.710007,139.679993,141.350006,140.469223,3846500,1220
2022-12-23,140.860001,143.270004,139.880005,143.149994,142.257996,2464800,1221
2022-12-27,143,146.279999,142.399994,145.550003,144.643051,3112500,1222
2022-12-28,145.309998,147.220001,144.850006,145.800003,144.891479,2623200,1223
2022-12-29,146.970001,149.660004,146.880005,148.369995,147.445465,2829000,1224
2022-12-30,147.229996,149.080002,146.800003,149.039993,148.111282,2388900,1225
2023-01-03,149.979996,152.639999,149.580002,151.729996,150.784531,3685200,1226
2023-01-04,148.259995,154.320007,147.679993,152.720001,151.768372,4443300,1227
2023-01-05,152.210007,154.509995,150.289993,154.259995,153.298767,3266000,1228
2023-01-06,157.649994,161.059998,156.880005,160.149994,159.152054,4942200,1229
2023-01-09,159.880005,160.369995,156.339996,156.350006,155.375748,3853800,1230
2023-01-10,157.419998,157.539993,154.839996,155.970001,154.998108,2554900,1231
2023-01-11,157.149994,159,155.899994,158.970001,157.979416,3146800,1232
2023-01-12,160,160.25,156.479996,159.75,158.754562,3222600,1233
2023-01-13,159.320007,164.929993,159.130005,164.600006,163.574341,5160600,1234
2023-01-17,164.490005,165.690002,162.070007,162.100006,161.08992,3527900,1235
2023-01-18,163.410004,165.190002,160.630005,160.830002,159.827835,2798100,1236
2023-01-19,159.5,160.610001,157.529999,159.100006,158.108612,2881300,1237
2023-01-20,159.630005,162.75,158.5,162.210007,161.199234,3122000,1238
2023-01-23,162.210007,165.490005,161.350006,164.630005,163.604156,2371400,1239
2023-01-24,169.820007,169.820007,144.300003,163.550003,162.530884,1901800,1240
2023-01-25,162.5,164.210007,160.639999,164.210007,163.186768,2248200,1241
2023-01-26,165.699997,167.100006,164.479996,167.029999,165.989197,2079100,1242
2023-01-27,168,170.320007,166.789993,168.509995,167.459961,3849900,1243
2023-01-30,167,169.589996,165.740005,168.679993,167.628906,3453500,1244
2023-01-31,168.119995,172.220001,168.119995,172.139999,171.067352,3716000,1245
2023-02-01,172.110001,177.679993,169.910004,177.080002,175.976578,4022200,1246
2023-02-02,177.710007,181.699997,176.899994,181.020004,179.892029,4003800,1247
2023-02-03,177.270004,179.070007,175.199997,176.759995,175.658554,2941300,1248
2023-02-06,174.690002,175.380005,171.720001,173.839996,172.75676,2642700,1249
2023-02-07,173.550003,175.440002,171.940002,174.759995,173.671021,2256700,1250
2023-02-08,173.520004,173.970001,171.509995,171.789993,170.719528,2037000,1251
2023-02-09,172.699997,174.020004,170.559998,171.369995,170.302139,1656100,1252
2023-02-10,170.320007,171.199997,168.789993,170.020004,168.960571,1840900,1253
2023-02-13,170.990005,173.5,170.330002,173.320007,172.240005,2432600,1254
2023-02-14,171.550003,172.979996,168.839996,171.169998,171.169998,2418400,1255
2023-02-15,170.009995,176.289993,169.949997,176.020004,176.020004,2954400,1256
2023-02-16,174.199997,177.289993,173.770004,174.539993,174.539993,2318700,1257
2023-02-17,173.350006,173.520004,170.889999,173.220001,173.220001,2676600,1258